session_id,asset_name,subject_id,acquisition_date,session_type,session_description,stimulus_class,image_set_name,species,sex,age,genotype,institution,lab,experimenter,identifier,n_licks,n_rewards,n_image_changes,n_image_omissions,total_reward_volume_ml,n_earned_rewards,n_auto_rewards,n_lick_hit,n_lick_false_alarm,n_lick_abort,n_lick_early,n_lick_late,n_lick_consumption,n_lick_spontaneous,n_lick_bouts,n_trials,n_go,n_catch,n_auto_rewarded,n_aborted,n_hit,n_miss,n_false_alarm,n_correct_reject,n_warm_up,hit_rate,false_alarm_rate,dprime,mean_hit_response_latency_sec,session_duration_min,n_stimulus_presentations,n_omitted_flashes,n_change_flashes,running_speed_mean,running_speed_std,running_speed_median,running_speed_max
multiplane-ophys_782149_2025-03-25_09-46-08_behavior-nwb_2026-07-07_17-29-29,multiplane-ophys_782149_2025-03-25_09-46-08_behavior-nwb_2026-07-07_17-29-29,782149,2025-03-25T09:46:08.139000+00:00,TRAINING_0_gratings_autorewards_15min,TRAINING_0_gratings_autorewards_15min,grating,,Mus musculus,M,P108D,Slc32a1-IRES-Cre/wt;Oi1(TIT2L-jGCaMP8s-WPRE-ICL-IRES-tTA2)/wt,,,,389f526b-b9cd-4fa0-bc5b-73cde1eb5409,733.0,120.0,120.0,0.0,0.6,0.0,120.0,0.0,0.0,0.0,0.0,0.0,376.0,357.0,282.0,120.0,0.0,0.0,120.0,0.0,0.0,0.0,0.0,0.0,0.0,,,,,15.0210795,121,0.0,120.0,1.8228583762056496,3.9951623942582595,0.245405458419005,23.41903525561646
multiplane-ophys_782149_2025-03-28_10-55-25_behavior-nwb_2026-07-07_17-29-33,multiplane-ophys_782149_2025-03-28_10-55-25_behavior-nwb_2026-07-07_17-29-33,782149,2025-03-28T10:55:25.066000+00:00,TRAINING_1_gratings,TRAINING_1_gratings,grating,,Mus musculus,M,P111D,Slc32a1-IRES-Cre/wt;Oi1(TIT2L-jGCaMP8s-WPRE-ICL-IRES-tTA2)/wt,,,,d6eab396-eb71-45dd-9db2-9360112f3b14,2395.0,117.0,260.0,0.0,1.1099999999999994,105.0,12.0,106.0,15.0,1105.0,10.0,120.0,1017.0,22.0,775.0,943.0,248.0,98.0,47.0,648.0,105.0,143.0,7.0,28.0,5.0,0.42338709677419356,0.2,0.6197675822399443,0.523826256307471,60.01183783333333,261,0.0,260.0,3.002447001751881,2.9607248758720695,2.5150662557088834,20.12672435656198
multiplane-ophys_782149_2025-03-29_10-10-29_behavior-nwb_2026-07-07_17-29-43,multiplane-ophys_782149_2025-03-29_10-10-29_behavior-nwb_2026-07-07_17-29-43,782149,2025-03-29T10:10:28.985000+00:00,TRAINING_1_gratings,TRAINING_1_gratings,grating,,Mus musculus,M,P112D,Slc32a1-IRES-Cre/wt;Oi1(TIT2L-jGCaMP8s-WPRE-ICL-IRES-tTA2)/wt,,,,de9cda15-8776-4510-a5e5-f9fa3d124e51,1717.0,114.0,306.0,0.0,1.0299999999999998,92.0,22.0,92.0,16.0,661.0,2.0,29.0,907.0,10.0,457.0,673.0,284.0,65.0,46.0,331.0,92.0,192.0,8.0,28.0,5.0,0.323943661971831,0.2222222222222222,0.2847560791074615,0.4959481665473492,60.12999783333333,307,0.0,306.0,2.6445581483507326,3.324920966474405,1.1297303155825589,20.659671332278368
multiplane-ophys_782149_2025-03-31_12-23-33_behavior-nwb_2026-07-07_17-29-51,multiplane-ophys_782149_2025-03-31_12-23-33_behavior-nwb_2026-07-07_17-29-51,782149,2025-03-31T12:23:33.272000+00:00,TRAINING_1_gratings,TRAINING_1_gratings,grating,,Mus musculus,M,P114D,Slc32a1-IRES-Cre/wt;Oi1(TIT2L-jGCaMP8s-WPRE-ICL-IRES-tTA2)/wt,,,,acf3a9f1-660a-4149-bc76-d3a3a1191a92,2085.0,131.0,294.0,0.0,1.2200000000000002,113.0,18.0,114.0,3.0,705.0,11.0,24.0,1224.0,4.0,487.0,686.0,276.0,103.0,19.0,354.0,113.0,163.0,2.0,36.0,5.0,0.40942028985507245,0.05263157894736842,1.293022964751282,0.3842519179947157,60.13638816666666,295,0.0,294.0,1.9090636070117237,3.3330216526825285,0.05187973780243983,19.35208781948499
multiplane-ophys_782149_2025-04-01_09-42-11_behavior-nwb_2026-07-07_17-30-00,multiplane-ophys_782149_2025-04-01_09-42-11_behavior-nwb_2026-07-07_17-30-00,782149,2025-04-01T09:42:11.328000+00:00,TRAINING_2_gratings_flashed,TRAINING_2_gratings_flashed,grating,,Mus musculus,M,P115D,Slc32a1-IRES-Cre/wt;Oi1(TIT2L-jGCaMP8s-WPRE-ICL-IRES-tTA2)/wt,,,,b938cadc-72e8-49f8-9b2e-eccc4b4ba299,1711.0,95.0,287.0,0.0,0.84,73.0,22.0,74.0,350.0,244.0,8.0,41.0,962.0,32.0,344.0,550.0,265.0,50.0,29.0,229.0,73.0,192.0,2.0,32.0,5.0,0.27547169811320754,0.058823529411764705,0.8714123996920032,0.4100235351037261,60.10636133333333,4804,0.0,287.0,0.8104346661590531,2.2359846044941376,0.0008650304934439175,16.07578815301435
multiplane-ophys_782149_2025-04-02_12-16-24_behavior-nwb_2026-07-07_17-30-08,multiplane-ophys_782149_2025-04-02_12-16-24_behavior-nwb_2026-07-07_17-30-08,782149,2025-04-02T12:16:23.868000+00:00,TRAINING_3_images_A_10uL_reward,TRAINING_3_images_A_10uL_reward,images,Natural_Images_Lum_Matched_set_training_2017.07.14,Mus musculus,M,P116D,Slc32a1-IRES-Cre/wt;Oi1(TIT2L-jGCaMP8s-WPRE-ICL-IRES-tTA2)/wt,,,,240f2fc3-3b2b-44db-aedf-84a5d72573f5,2062.0,103.0,274.0,0.0,0.97,91.0,12.0,95.0,430.0,311.0,2.0,101.0,1080.0,43.0,426.0,587.0,262.0,58.0,19.0,278.0,91.0,171.0,3.0,32.0,5.0,0.3473282442748092,0.08571428571428572,0.906570330457868,0.46971622025061793,60.105532333333336,4804,0.0,274.0,0.8518240271363751,2.340359627809541,0.04055761532912207,17.368650411346223
multiplane-ophys_782149_2025-04-04_11-39-31_behavior-nwb_2026-07-07_17-30-18,multiplane-ophys_782149_2025-04-04_11-39-31_behavior-nwb_2026-07-07_17-30-18,782149,2025-04-04T11:39:30.608000+00:00,TRAINING_3_images_A_10uL_reward,TRAINING_3_images_A_10uL_reward,images,Natural_Images_Lum_Matched_set_training_2017.07.14,Mus musculus,M,P118D,Slc32a1-IRES-Cre/wt;Oi1(TIT2L-jGCaMP8s-WPRE-ICL-IRES-tTA2)/wt,,,,4471a323-a4ed-494a-b37d-b38d5951b311,840.0,90.0,321.0,0.0,0.795,69.0,21.0,72.0,124.0,71.0,2.0,77.0,475.0,19.0,228.0,460.0,300.0,58.0,24.0,97.0,69.0,231.0,1.0,41.0,5.0,0.23,0.023809523809523808,1.0775216149924267,0.5337933561538272,60.02128966666667,4797,0.0,321.0,0.3063054772256683,1.259954565392111,0.03779854700763266,13.407814656465321
multiplane-ophys_782149_2025-04-08_09-28-39_behavior-nwb_2026-07-07_17-30-26,multiplane-ophys_782149_2025-04-08_09-28-39_behavior-nwb_2026-07-07_17-30-26,782149,2025-04-08T09:28:39.206000+00:00,TRAINING_3_images_A_10uL_reward,TRAINING_3_images_A_10uL_reward,images,Natural_Images_Lum_Matched_set_training_2017.07.14,Mus musculus,M,P122D,Slc32a1-IRES-Cre/wt;Oi1(TIT2L-jGCaMP8s-WPRE-ICL-IRES-tTA2)/wt,,,,02e39097-4409-46c4-ac21-712b33ad2961,2221.0,109.0,243.0,0.0,1.0249999999999995,96.0,13.0,100.0,548.0,444.0,11.0,169.0,864.0,85.0,572.0,649.0,230.0,81.0,21.0,374.0,96.0,134.0,6.0,26.0,5.0,0.41739130434782606,0.1875,0.6448393670814766,0.47379286471194665,60.12999583333333,4806,0.0,243.0,0.2439135997791846,0.8993669174810838,0.0579053659579668,9.417258358403258
multiplane-ophys_782149_2025-04-09_09-46-45_behavior-nwb_2026-07-07_17-30-35,multiplane-ophys_782149_2025-04-09_09-46-45_behavior-nwb_2026-07-07_17-30-35,782149,2025-04-09T09:46:44.623000+00:00,TRAINING_4_images_A_training,TRAINING_4_images_A_training,images,Natural_Images_Lum_Matched_set_training_2017.07.14,Mus musculus,M,P123D,Slc32a1-IRES-Cre/wt;Oi1(TIT2L-jGCaMP8s-WPRE-ICL-IRES-tTA2)/wt,,,,86ac7df0-4d5b-4da1-b992-452328b6d48e,3172.0,100.0,159.0,0.0,0.6900000000000002,95.0,5.0,101.0,781.0,714.0,7.0,181.0,1153.0,235.0,834.0,844.0,154.0,59.0,19.0,666.0,95.0,59.0,2.0,17.0,5.0,0.6168831168831169,0.10526315789473684,1.4456792047279683,0.46879350953392585,60.01462083333333,4797,0.0,159.0,0.3959003114821248,1.2601782832052375,0.08928618212516613,13.57655050069162
multiplane-ophys_782149_2025-04-10_09-26-55_behavior-nwb_2026-07-07_17-30-47,multiplane-ophys_782149_2025-04-10_09-26-55_behavior-nwb_2026-07-07_17-30-47,782149,2025-04-10T09:26:54.647000+00:00,TRAINING_5_images_A_epilogue,TRAINING_5_images_A_epilogue,images,Natural_Images_Lum_Matched_set_training_2017.07.14,Mus musculus,M,P124D,Slc32a1-IRES-Cre/wt;Oi1(TIT2L-jGCaMP8s-WPRE-ICL-IRES-tTA2)/wt,,,,b6ffc3de-7b47-4935-b9ac-d50213e4f256,3847.0,115.0,148.0,0.0,0.7950000000000003,110.0,5.0,120.0,863.0,657.0,6.0,143.0,1808.0,250.0,899.0,835.0,143.0,93.0,30.0,668.0,110.0,33.0,3.0,16.0,5.0,0.7692307692307693,0.15789473684210525,1.664773198613477,0.4618221553653949,60.07967566666667,4802,0.0,148.0,0.7780715738682303,2.199080439548352,0.07133110589514476,20.479710210756345
multiplane-ophys_782149_2025-04-11_09-47-54_behavior-nwb_2026-07-07_17-31-00,multiplane-ophys_782149_2025-04-11_09-47-54_behavior-nwb_2026-07-07_17-31-00,782149,2025-04-11T09:47:53.970000+00:00,TRAINING_5_images_A_handoff_ready,TRAINING_5_images_A_handoff_ready,images,Natural_Images_Lum_Matched_set_training_2017.07.14,Mus musculus,M,P125D,Slc32a1-IRES-Cre/wt;Oi1(TIT2L-jGCaMP8s-WPRE-ICL-IRES-tTA2)/wt,,,,7ba9147e-79db-4aa6-947e-b9cc3f5f67fe,3280.0,97.0,177.0,0.0,0.6690000000000002,92.0,5.0,98.0,869.0,596.0,11.0,165.0,1306.0,235.0,775.0,786.0,172.0,123.0,26.0,581.0,92.0,80.0,9.0,19.0,5.0,0.5348837209302325,0.32142857142857145,0.5336330847982034,0.47963699528808573,60.10442150000001,4804,0.0,177.0,2.2710858090986483,3.8960724007640937,0.3065850754286596,22.799567682682298
multiplane-ophys_782149_2025-04-14_12-01-21_behavior-nwb_2026-07-07_17-31-14,multiplane-ophys_782149_2025-04-14_12-01-21_behavior-nwb_2026-07-07_17-31-14,782149,2025-04-14T12:01:20.772000+00:00,TRAINING_5_images_A_handoff_lapsed,TRAINING_5_images_A_handoff_lapsed,images,Natural_Images_Lum_Matched_set_training_2017.07.14,Mus musculus,M,P128D,Slc32a1-IRES-Cre/wt;Oi1(TIT2L-jGCaMP8s-WPRE-ICL-IRES-tTA2)/wt,,,,c1fa7063-e72c-4bad-99aa-873f885f6ab8,4292.0,92.0,123.0,0.0,0.6340000000000001,87.0,5.0,89.0,1044.0,1069.0,11.0,78.0,1525.0,476.0,1051.0,979.0,118.0,114.0,26.0,838.0,87.0,31.0,5.0,13.0,5.0,0.7372881355932204,0.2777777777777778,1.1838271603348436,0.403431432109266,60.080509666666664,4802,0.0,123.0,4.293217895765606,6.59830110189919,0.4251546683868489,29.842198205952542
multiplane-ophys_782149_2025-04-15_09-36-40_behavior-nwb_2026-07-07_17-31-28,multiplane-ophys_782149_2025-04-15_09-36-40_behavior-nwb_2026-07-07_17-31-28,782149,2025-04-15T09:36:40.274000+00:00,OPHYS_1_images_A,OPHYS_1_images_A,images,Natural_Images_Lum_Matched_set_training_2017.07.14,Mus musculus,M,P129D,Slc32a1-IRES-Cre/wt;Oi1(TIT2L-jGCaMP8s-WPRE-ICL-IRES-tTA2)/wt,,,,1c0d8684-cae2-4bf8-b4dd-271d10432e67,3305.0,145.0,201.0,182.0,1.005,140.0,5.0,146.0,646.0,505.0,8.0,120.0,1726.0,154.0,726.0,716.0,196.0,101.0,23.0,488.0,140.0,56.0,7.0,20.0,5.0,0.7142857142857143,0.25925925925925924,1.182058341953259,0.4565212941101261,60.205337,4812,182.0,201.0,4.217116868837649,7.240823303472923,0.556846012126194,46.48242829190662
multiplane-ophys_782149_2025-04-16_09-36-19_behavior-nwb_2026-07-07_17-31-41,multiplane-ophys_782149_2025-04-16_09-36-19_behavior-nwb_2026-07-07_17-31-41,782149,2025-04-16T09:36:19.354000+00:00,OPHYS_1_images_A,OPHYS_1_images_A,images,Natural_Images_Lum_Matched_set_training_2017.07.14,Mus musculus,M,P130D,Slc32a1-IRES-Cre/wt;Oi1(TIT2L-jGCaMP8s-WPRE-ICL-IRES-tTA2)/wt,,,,1b88cdbb-cda4-4fe4-871c-29be03ac513a,1416.0,45.0,275.0,162.0,0.30500000000000005,40.0,5.0,45.0,300.0,261.0,5.0,157.0,562.0,86.0,399.0,570.0,270.0,61.0,10.0,255.0,40.0,230.0,4.0,36.0,5.0,0.14814814814814814,0.1,0.18901600177556688,0.460660462016827,60.072726,4801,162.0,275.0,1.071389717912754,3.1421816851933855,0.08036762881144494,24.889400664777884
multiplane-ophys_782149_2025-04-23_08-59-23_behavior-nwb_2026-07-07_17-31-52,multiplane-ophys_782149_2025-04-23_08-59-23_behavior-nwb_2026-07-07_17-31-52,782149,2025-04-23T08:59:23.021000+00:00,TRAINING_4_images_A_training,TRAINING_4_images_A_training,images,Natural_Images_Lum_Matched_set_training_2017.07.14,Mus musculus,M,P137D,Slc32a1-IRES-Cre/wt;Oi1(TIT2L-jGCaMP8s-WPRE-ICL-IRES-tTA2)/wt,,,,90638564-4d86-45a5-ab9f-51438f876814,4077.0,95.0,106.0,0.0,0.6550000000000001,90.0,5.0,91.0,1019.0,1004.0,8.0,43.0,1743.0,169.0,995.0,988.0,101.0,115.0,13.0,870.0,90.0,11.0,5.0,7.0,5.0,0.8910891089108911,0.4166666666666667,1.4060860990463304,0.3811934620171982,60.071611,4801,0.0,106.0,1.4373866522138339,3.45188225102728,0.14199863707096233,20.70788151171222
multiplane-ophys_782149_2025-04-25_09-14-05_behavior-nwb_2026-07-07_17-32-04,multiplane-ophys_782149_2025-04-25_09-14-05_behavior-nwb_2026-07-07_17-32-04,782149,2025-04-25T09:14:05.004000+00:00,TRAINING_5_images_A_epilogue,TRAINING_5_images_A_epilogue,images,Natural_Images_Lum_Matched_set_training_2017.07.14,Mus musculus,M,P139D,Slc32a1-IRES-Cre/wt;Oi1(TIT2L-jGCaMP8s-WPRE-ICL-IRES-tTA2)/wt,,,,a048d7d5-f414-442a-9103-26b1a2f560f7,2417.0,47.0,227.0,0.0,0.31900000000000006,42.0,5.0,44.0,524.0,509.0,8.0,108.0,940.0,284.0,632.0,737.0,222.0,73.0,38.0,478.0,42.0,180.0,6.0,26.0,5.0,0.1891891891891892,0.1875,-0.02325503530832118,0.4346141485123315,60.12777483333333,4806,0.0,227.0,6.076197551382767,7.862451536554638,1.794704391092226,36.88026568968123
multiplane-ophys_782149_2025-04-28_10-02-28_behavior-nwb_2026-07-07_17-32-17,multiplane-ophys_782149_2025-04-28_10-02-28_behavior-nwb_2026-07-07_17-32-17,782149,2025-04-28T10:02:27.718000+00:00,OPHYS_4_images_B,OPHYS_4_images_B,images,Natural_Images_Lum_Matched_set_ophys_6_2017.07.14,Mus musculus,M,P142D,Slc32a1-IRES-Cre/wt;Oi1(TIT2L-jGCaMP8s-WPRE-ICL-IRES-tTA2)/wt,,,,773dad41-6b23-43e6-bd57-4f1aac55c07f,2885.0,93.0,191.0,161.0,0.6410000000000001,88.0,5.0,95.0,505.0,553.0,6.0,120.0,1402.0,204.0,771.0,767.0,186.0,72.0,26.0,547.0,88.0,98.0,3.0,26.0,5.0,0.4731182795698925,0.10344827586206896,1.1247437693692859,0.4461990537704843,60.110541,4805,161.0,191.0,6.617328943460725,8.808087653764044,1.2538028053423995,33.115283490893525
multiplane-ophys_782149_2025-04-29_09-15-23_behavior-nwb_2026-07-07_17-32-30,multiplane-ophys_782149_2025-04-29_09-15-23_behavior-nwb_2026-07-07_17-32-30,782149,2025-04-29T09:15:22.671000+00:00,OPHYS_4_images_B,OPHYS_4_images_B,images,Natural_Images_Lum_Matched_set_ophys_6_2017.07.14,Mus musculus,M,P143D,Slc32a1-IRES-Cre/wt;Oi1(TIT2L-jGCaMP8s-WPRE-ICL-IRES-tTA2)/wt,,,,978953cf-6d31-4280-bd83-de8624dfc5a6,2235.0,77.0,240.0,190.0,0.529,72.0,5.0,78.0,350.0,372.0,5.0,128.0,1110.0,192.0,583.0,651.0,235.0,107.0,20.0,378.0,72.0,163.0,9.0,24.0,5.0,0.30638297872340425,0.2727272727272727,0.08079676091131605,0.491520333481433,60.10303133333333,4805,190.0,240.0,7.918578445777707,10.442395607097636,1.5197724015399094,37.1079474697235
multiplane-ophys_782149_2025-04-30_11-37-48_behavior-nwb_2026-07-07_17-32-42,multiplane-ophys_782149_2025-04-30_11-37-48_behavior-nwb_2026-07-07_17-32-42,782149,2025-04-30T11:37:48.205000+00:00,OPHYS_6_images_B,OPHYS_6_images_B,images,Natural_Images_Lum_Matched_set_ophys_6_2017.07.14,Mus musculus,M,P144D,Slc32a1-IRES-Cre/wt;Oi1(TIT2L-jGCaMP8s-WPRE-ICL-IRES-tTA2)/wt,,,,bb906bbf-dd88-4959-a926-c53f0c4a977f,458.0,97.0,329.0,198.0,0.6690000000000002,92.0,5.0,97.0,26.0,125.0,1.0,26.0,67.0,116.0,264.0,466.0,324.0,51.0,9.0,90.0,92.0,232.0,0.0,47.0,5.0,0.2839506172839506,0.0,1.741806589013083,0.5124582395363062,60.028246333333335,4798,198.0,329.0,11.827538579214584,11.14561179841985,11.688544838606365,40.96692869353619
multiplane-ophys_782149_2025-05-01_09-20-00_behavior-nwb_2026-07-07_17-32-53,multiplane-ophys_782149_2025-05-01_09-20-00_behavior-nwb_2026-07-07_17-32-53,782149,2025-05-01T09:20:00.472000+00:00,OPHYS_6_images_B,OPHYS_6_images_B,images,Natural_Images_Lum_Matched_set_ophys_6_2017.07.14,Mus musculus,M,P145D,Slc32a1-IRES-Cre/wt;Oi1(TIT2L-jGCaMP8s-WPRE-ICL-IRES-tTA2)/wt,,,,b1c3627a-76f7-4d6c-91d1-90978815bed8,239.0,44.0,345.0,193.0,0.29800000000000004,39.0,5.0,42.0,12.0,29.0,0.0,25.0,28.0,103.0,129.0,424.0,340.0,52.0,8.0,29.0,39.0,301.0,0.0,50.0,5.0,0.11470588235294117,0.0,1.1377044964790457,0.5529347469500338,60.07773,4802,193.0,345.0,9.180645894638895,12.012114698310809,0.9868631866212563,44.38326896746247
multiplane-ophys_782149_2025-05-02_10-55-09_behavior-nwb_2026-07-07_17-33-07,multiplane-ophys_782149_2025-05-02_10-55-09_behavior-nwb_2026-07-07_17-33-07,782149,2025-05-02T10:55:15.223000+00:00,,STAGE_0,,,Mus musculus,M,,Slc32a1-IRES-Cre/wt;Oi1(TIT2L-jGCaMP8s-WPRE-ICL-IRES-tTA2)/wt,,,,795cb51a-4451-4b3b-972a-aaaa5060b0b5,,,,,,,,,,,,,,,,,,,,,,,,,,,,,,,137370,,,4.783674986908648,7.141459546735586,0.3159968628737925,30.506094292099334
multiplane-ophys_782149_2025-05-05_11-39-29_behavior-nwb_2026-07-07_17-33-28,multiplane-ophys_782149_2025-05-05_11-39-29_behavior-nwb_2026-07-07_17-33-28,782149,2025-05-05T11:39:34.520000+00:00,,STAGE_1,,,Mus musculus,M,,Slc32a1-IRES-Cre/wt;Oi1(TIT2L-jGCaMP8s-WPRE-ICL-IRES-tTA2)/wt,,,,0de255b2-22d4-4eb7-ba07-18b0df70803f,,,,,,,,,,,,,,,,,,,,,,,,,,,,,,,1092,,,3.0965235176714176,5.300333117366995,0.3692323476756492,26.813832335939704
multiplane-ophys_782149_2025-05-06_09-18-12_behavior-nwb_2026-07-07_17-33-32,multiplane-ophys_782149_2025-05-06_09-18-12_behavior-nwb_2026-07-07_17-33-32,782149,2025-05-06T09:18:18.450000+00:00,,STAGE_1,,,Mus musculus,M,,Slc32a1-IRES-Cre/wt;Oi1(TIT2L-jGCaMP8s-WPRE-ICL-IRES-tTA2)/wt,,,,b80d0b60-bdc9-4f4f-b58d-a1fd5c11cdee,,,,,,,,,,,,,,,,,,,,,,,,,,,,,,,1091,,,0.06466154799726621,0.583127498608242,0.03077251603882547,6.881973852087606
multiplane-ophys_782149_2025-05-07_09-10-44_behavior-nwb_2026-07-07_17-33-37,multiplane-ophys_782149_2025-05-07_09-10-44_behavior-nwb_2026-07-07_17-33-37,782149,2025-05-07T09:10:49.749000+00:00,,STAGE_1,,,Mus musculus,M,,Slc32a1-IRES-Cre/wt;Oi1(TIT2L-jGCaMP8s-WPRE-ICL-IRES-tTA2)/wt,,,,b5ae899a-79f4-41a3-ad9a-808b454cd726,,,,,,,,,,,,,,,,,,,,,,,,,,,,,,,1094,,,0.05611261363547511,0.5278693513809806,0.035943407403593045,6.6453244850237985
multiplane-ophys_788406_2025-05-29_11-29-10_behavior-nwb_2026-07-07_17-33-40,multiplane-ophys_788406_2025-05-29_11-29-10_behavior-nwb_2026-07-07_17-33-40,788406,2025-05-29T11:29:10.529000+00:00,TRAINING_0_gratings_autorewards_15min,TRAINING_0_gratings_autorewards_15min,grating,,Mus musculus,M,P131D,Slc32a1-IRES-Cre/wt;Oi1(TIT2L-jGCaMP8s-WPRE-ICL-IRES-tTA2)/wt,,,,f1059599-78f2-4f1c-96f3-036706377630,1749.0,120.0,120.0,0.0,0.6,0.0,120.0,0.0,0.0,0.0,0.0,0.0,1244.0,505.0,391.0,120.0,0.0,0.0,120.0,0.0,0.0,0.0,0.0,0.0,0.0,,,,,15.0208035,121,0.0,120.0,0.7364404744067347,2.7486604388640603,0.03290537902108004,18.888819911361796
multiplane-ophys_788406_2025-05-31_12-37-36_behavior-nwb_2026-07-07_17-33-44,multiplane-ophys_788406_2025-05-31_12-37-36_behavior-nwb_2026-07-07_17-33-44,788406,2025-05-31T12:37:35.759000+00:00,TRAINING_1_gratings,TRAINING_1_gratings,grating,,Mus musculus,M,P133D,Slc32a1-IRES-Cre/wt;Oi1(TIT2L-jGCaMP8s-WPRE-ICL-IRES-tTA2)/wt,,,,2fe752af-6d53-415f-96d5-ac4f9dd2e14d,2295.0,79.0,266.0,0.0,0.715,64.0,15.0,69.0,13.0,1019.0,13.0,178.0,991.0,12.0,743.0,855.0,251.0,107.0,51.0,555.0,64.0,187.0,7.0,27.0,5.0,0.2549800796812749,0.20588235294117646,0.13576392948292249,0.5714714085686721,60.023706,267,0.0,266.0,-0.4409613309859656,2.7274813354134646,-1.343514217476581e-06,20.619376058505424
multiplane-ophys_788406_2025-06-04_07-29-18_behavior-nwb_2026-07-07_17-33-54,multiplane-ophys_788406_2025-06-04_07-29-18_behavior-nwb_2026-07-07_17-33-54,788406,2025-06-04T07:29:18.321000+00:00,TRAINING_1_gratings,TRAINING_1_gratings,grating,,Mus musculus,M,P137D,Slc32a1-IRES-Cre/wt;Oi1(TIT2L-jGCaMP8s-WPRE-ICL-IRES-tTA2)/wt,,,,bfa1d464-8829-48df-a34a-c22203da8570,2521.0,99.0,239.0,0.0,0.9149999999999999,84.0,15.0,86.0,15.0,1212.0,8.0,105.0,1088.0,7.0,688.0,813.0,224.0,87.0,53.0,545.0,84.0,140.0,8.0,21.0,5.0,0.375,0.27586206896551724,0.2557929342324026,0.4948691465361846,59.999802333333335,240,0.0,239.0,-0.1027412644304763,1.458909859392576,-2.450721092437767e-10,13.04401933474481
multiplane-ophys_788406_2025-06-05_09-20-38_behavior-nwb_2026-07-07_17-34-03,multiplane-ophys_788406_2025-06-05_09-20-38_behavior-nwb_2026-07-07_17-34-03,788406,2025-06-05T09:20:38.218000+00:00,TRAINING_1_gratings,TRAINING_1_gratings,grating,,Mus musculus,M,P138D,Slc32a1-IRES-Cre/wt;Oi1(TIT2L-jGCaMP8s-WPRE-ICL-IRES-tTA2)/wt,,,,0259870e-4dab-4198-9b6f-114b7449079d,2818.0,107.0,230.0,0.0,0.9899999999999999,91.0,16.0,91.0,4.0,1445.0,23.0,29.0,1221.0,5.0,729.0,871.0,214.0,75.0,31.0,619.0,91.0,123.0,2.0,20.0,5.0,0.4252336448598131,0.09090909090909091,1.0458595660660592,0.37214652190699044,60.05290433333334,231,0.0,230.0,-0.06131748316367377,1.3076776247144444,0.0015373858187364758,14.111907399103467
multiplane-ophys_788406_2025-06-06_09-04-24_behavior-nwb_2026-07-07_17-34-12,multiplane-ophys_788406_2025-06-06_09-04-24_behavior-nwb_2026-07-07_17-34-12,788406,2025-06-06T09:04:24.179000+00:00,TRAINING_1_gratings,TRAINING_1_gratings,grating,,Mus musculus,M,P139D,Slc32a1-IRES-Cre/wt;Oi1(TIT2L-jGCaMP8s-WPRE-ICL-IRES-tTA2)/wt,,,,b894caea-fcb4-4ae6-884c-c6c1ff9f73c2,1157.0,87.0,323.0,0.0,0.7300000000000001,59.0,28.0,59.0,8.0,429.0,10.0,26.0,620.0,5.0,309.0,583.0,295.0,65.0,65.0,218.0,59.0,236.0,3.0,39.0,5.0,0.2,0.07142857142857142,0.5577404468487641,0.4546296717324876,60.01009116666667,324,0.0,323.0,0.09812430694870389,1.4464960868683348,1.9190098328576866e-05,14.34369077049463
multiplane-ophys_788406_2025-06-10_08-54-07_behavior-nwb_2026-07-07_17-34-20,multiplane-ophys_788406_2025-06-10_08-54-07_behavior-nwb_2026-07-07_17-34-20,788406,2025-06-10T08:54:06.940000+00:00,TRAINING_1_gratings,TRAINING_1_gratings,grating,,Mus musculus,M,P143D,Slc32a1-IRES-Cre/wt;Oi1(TIT2L-jGCaMP8s-WPRE-ICL-IRES-tTA2)/wt,,,,1a62c235-e280-470e-9d2f-de6d8edc1fa7,2402.0,91.0,231.0,0.0,0.825,74.0,17.0,78.0,6.0,1296.0,12.0,43.0,960.0,7.0,719.0,919.0,214.0,54.0,34.0,665.0,74.0,140.0,3.0,20.0,5.0,0.34579439252336447,0.13043478260869565,0.6597168389875976,0.4569110809326437,60.084874,232,0.0,231.0,1.1048254615690716,3.8035596768179807,0.016211874612426843,28.2512546395309
multiplane-ophys_788406_2025-06-11_08-54-38_behavior-nwb_2026-07-07_17-34-30,multiplane-ophys_788406_2025-06-11_08-54-38_behavior-nwb_2026-07-07_17-34-30,788406,2025-06-11T08:54:37.861000+00:00,TRAINING_1_gratings,TRAINING_1_gratings,grating,,Mus musculus,M,P144D,Slc32a1-IRES-Cre/wt;Oi1(TIT2L-jGCaMP8s-WPRE-ICL-IRES-tTA2)/wt,,,,c50459b0-1f14-41ed-999d-06ba46bb30ba,2052.0,109.0,298.0,0.0,0.9999999999999999,91.0,18.0,97.0,21.0,729.0,11.0,159.0,1022.0,13.0,459.0,633.0,280.0,83.0,36.0,298.0,91.0,189.0,7.0,30.0,5.0,0.325,0.1891891891891892,0.3990260020093576,0.5842321512150892,60.082369,299,0.0,298.0,2.0016995020663613,5.236373684732024,0.030319051583933238,33.07228492043723
multiplane-ophys_788406_2025-06-13_09-35-46_behavior-nwb_2026-07-07_17-34-51,multiplane-ophys_788406_2025-06-13_09-35-46_behavior-nwb_2026-07-07_17-34-51,788406,2025-06-13T09:35:46.119000+00:00,TRAINING_1_gratings,TRAINING_1_gratings,grating,,Mus musculus,M,P146D,Slc32a1-IRES-Cre/wt;Oi1(TIT2L-jGCaMP8s-WPRE-ICL-IRES-tTA2)/wt,,,,40bc698a-055a-4404-a167-9747d7c8b70d,2200.0,87.0,242.0,0.0,0.785,70.0,17.0,71.0,11.0,970.0,12.0,79.0,1047.0,10.0,664.0,808.0,225.0,101.0,38.0,532.0,70.0,155.0,10.0,24.0,5.0,0.3111111111111111,0.29411764705882354,0.034061189509916545,0.5139796840659362,60.04288,243,0.0,242.0,9.668306441579299,11.038058407629872,3.3577600723230683,40.40591771890678
multiplane-ophys_788406_2025-06-14_10-03-45_behavior-nwb_2026-07-07_17-35-10,multiplane-ophys_788406_2025-06-14_10-03-45_behavior-nwb_2026-07-07_17-35-10,788406,2025-06-14T10:03:44.670000+00:00,TRAINING_1_gratings,TRAINING_1_gratings,grating,,Mus musculus,M,P147D,Slc32a1-IRES-Cre/wt;Oi1(TIT2L-jGCaMP8s-WPRE-ICL-IRES-tTA2)/wt,,,,89fa12fe-3d92-43f1-970b-066613a1f94f,3287.0,110.0,235.0,0.0,1.0199999999999998,94.0,16.0,94.0,14.0,1387.0,7.0,53.0,1724.0,8.0,648.0,890.0,219.0,107.0,62.0,622.0,94.0,125.0,10.0,23.0,5.0,0.4292237442922374,0.30303030303030304,0.32165632209414086,0.5281609677844059,60.08763516666667,236,0.0,235.0,5.449667457112072,8.821462204380488,1.0019224569846337,40.942132114680504
multiplane-ophys_788406_2025-06-17_09-08-48_behavior-nwb_2026-07-07_17-35-32,multiplane-ophys_788406_2025-06-17_09-08-48_behavior-nwb_2026-07-07_17-35-32,788406,2025-06-17T09:08:47.464000+00:00,TRAINING_1_gratings,TRAINING_1_gratings,grating,,Mus musculus,M,P150D,Slc32a1-IRES-Cre/wt;Oi1(TIT2L-jGCaMP8s-WPRE-ICL-IRES-tTA2)/wt,,,,4764f46e-20ad-4fb6-9a11-10d25107674e,2728.0,121.0,262.0,0.0,1.125,104.0,17.0,104.0,9.0,871.0,8.0,74.0,1659.0,3.0,602.0,785.0,245.0,96.0,27.0,489.0,104.0,141.0,7.0,27.0,5.0,0.42448979591836733,0.20588235294117646,0.6020014858370877,0.5261855483039255,60.071232333333334,263,0.0,262.0,5.298210934644268,8.438003561783262,0.7022335374259677,35.65183946424576
multiplane-ophys_788406_2025-06-18_12-47-45_behavior-nwb_2026-07-07_17-35-55,multiplane-ophys_788406_2025-06-18_12-47-45_behavior-nwb_2026-07-07_17-35-55,788406,2025-06-18T12:47:45.141000+00:00,TRAINING_1_gratings,TRAINING_1_gratings,grating,,Mus musculus,M,P151D,Slc32a1-IRES-Cre/wt;Oi1(TIT2L-jGCaMP8s-WPRE-ICL-IRES-tTA2)/wt,,,,d4ef77bc-9c1c-495f-b40e-44b0816753e6,2965.0,130.0,286.0,0.0,1.215,113.0,17.0,115.0,17.0,740.0,9.0,85.0,1978.0,21.0,505.0,703.0,269.0,74.0,43.0,375.0,113.0,156.0,9.0,33.0,5.0,0.4200743494423792,0.21428571428571427,0.5681092556601172,0.5934579823787183,60.023149,287,0.0,286.0,10.925896292663833,14.592125638366152,2.9462985858712516,58.25978395183173
multiplane-ophys_788406_2025-06-20_10-38-42_behavior-nwb_2026-07-07_17-36-19,multiplane-ophys_788406_2025-06-20_10-38-42_behavior-nwb_2026-07-07_17-36-19,788406,2025-06-20T10:38:41.954000+00:00,TRAINING_1_gratings,TRAINING_1_gratings,grating,,Mus musculus,M,P153D,Slc32a1-IRES-Cre/wt;Oi1(TIT2L-jGCaMP8s-WPRE-ICL-IRES-tTA2)/wt,,,,9942db1c-74a1-43fe-b086-6ee73a8be17d,2600.0,127.0,258.0,0.0,1.1899999999999995,111.0,16.0,111.0,13.0,794.0,9.0,46.0,1617.0,10.0,592.0,776.0,242.0,110.0,23.0,474.0,111.0,131.0,10.0,34.0,5.0,0.45867768595041325,0.22727272727272727,0.6245762432669374,0.4683798751895102,60.08820433333334,259,0.0,258.0,9.348661893729519,14.004358339704874,1.8203729233076862,65.18424839790796
multiplane-ophys_788406_2025-06-25_12-18-34_behavior-nwb_2026-07-07_17-36-57,multiplane-ophys_788406_2025-06-25_12-18-34_behavior-nwb_2026-07-07_17-36-57,788406,2025-06-25T12:18:33.912000+00:00,TRAINING_2_gratings_flashed,TRAINING_2_gratings_flashed,grating,,Mus musculus,M,P158D,Slc32a1-IRES-Cre/wt;Oi1(TIT2L-jGCaMP8s-WPRE-ICL-IRES-tTA2)/wt,,,,82496887-d42a-4d63-b9bf-cd31a9b9089d,4403.0,96.0,104.0,0.0,0.9349999999999998,91.0,5.0,91.0,1022.0,916.0,15.0,31.0,2003.0,325.0,984.0,993.0,99.0,133.0,20.0,877.0,91.0,8.0,6.0,6.0,5.0,0.9191919191919192,0.5,1.3722038089987263,0.3780643396175566,60.018978999999995,4797,0.0,104.0,2.5425758298347594,5.163143215212309,0.14686703875908175,39.9900928437805
multiplane-ophys_788406_2025-06-26_12-16-41_behavior-nwb_2026-07-07_17-37-23,multiplane-ophys_788406_2025-06-26_12-16-41_behavior-nwb_2026-07-07_17-37-23,788406,2025-06-26T12:16:40.773000+00:00,TRAINING_2_gratings_flashed,TRAINING_2_gratings_flashed,grating,,Mus musculus,M,P159D,Slc32a1-IRES-Cre/wt;Oi1(TIT2L-jGCaMP8s-WPRE-ICL-IRES-tTA2)/wt,,,,25373448-51f0-43c3-8c18-073a013882f8,3969.0,138.0,172.0,0.0,1.355,133.0,5.0,133.0,580.0,638.0,10.0,53.0,2371.0,184.0,808.0,829.0,167.0,110.0,29.0,630.0,133.0,34.0,7.0,20.0,5.0,0.7964071856287425,0.25925925925925924,1.441944060582843,0.4325756136635305,60.0759725,4802,0.0,172.0,5.694334281225471,9.48893377084629,0.6550470147323304,61.23942404749711
multiplane-ophys_788406_2025-07-01_11-50-55_behavior-nwb_2026-07-07_17-38-01,multiplane-ophys_788406_2025-07-01_11-50-55_behavior-nwb_2026-07-07_17-38-01,788406,2025-07-01T11:50:55.190000+00:00,TRAINING_3_images_A_10uL_reward,TRAINING_3_images_A_10uL_reward,images,Natural_Images_Lum_Matched_set_training_2017.07.14,Mus musculus,M,P164D,Slc32a1-IRES-Cre/wt;Oi1(TIT2L-jGCaMP8s-WPRE-ICL-IRES-tTA2)/wt,,,,76db00e3-bc13-46e8-8ecf-7b77e25edb7d,3491.0,132.0,244.0,0.0,1.2750000000000001,123.0,9.0,128.0,364.0,665.0,3.0,138.0,2000.0,193.0,567.0,690.0,235.0,87.0,24.0,415.0,123.0,112.0,2.0,29.0,5.0,0.5234042553191489,0.06451612903225806,1.476247587535784,0.5307979225186111,60.042610999999994,4799,0.0,244.0,13.735100645162229,14.310109780326945,10.324133586320087,69.85488082988141
multiplane-ophys_788406_2025-07-02_12-17-09_behavior-nwb_2026-07-07_17-38-25,multiplane-ophys_788406_2025-07-02_12-17-09_behavior-nwb_2026-07-07_17-38-25,788406,2025-07-02T12:17:09.244000+00:00,TRAINING_3_images_A_10uL_reward,TRAINING_3_images_A_10uL_reward,images,Natural_Images_Lum_Matched_set_training_2017.07.14,Mus musculus,M,P165D,Slc32a1-IRES-Cre/wt;Oi1(TIT2L-jGCaMP8s-WPRE-ICL-IRES-tTA2)/wt,,,,6f0b3a2d-f19d-4822-b268-960443d679ce,3091.0,127.0,264.0,0.0,1.2149999999999996,116.0,11.0,118.0,380.0,519.0,4.0,153.0,1735.0,182.0,499.0,637.0,253.0,69.0,30.0,340.0,116.0,137.0,4.0,29.0,5.0,0.45849802371541504,0.12121212121212122,1.0115307651916132,0.45179152336754913,60.028154,4798,0.0,264.0,21.12249980021154,18.482092563208376,23.432812025046548,78.84087800014728
multiplane-ophys_788406_2025-07-03_12-12-35_behavior-nwb_2026-07-07_17-38-49,multiplane-ophys_788406_2025-07-03_12-12-35_behavior-nwb_2026-07-07_17-38-49,788406,2025-07-03T12:12:35.273000+00:00,TRAINING_3_images_A_10uL_reward,TRAINING_3_images_A_10uL_reward,images,Natural_Images_Lum_Matched_set_training_2017.07.14,Mus musculus,M,P166D,Slc32a1-IRES-Cre/wt;Oi1(TIT2L-jGCaMP8s-WPRE-ICL-IRES-tTA2)/wt,,,,c3dd8354-0313-46a3-935a-1047a55b73e9,3917.0,147.0,273.0,0.0,1.42,137.0,10.0,136.0,332.0,644.0,5.0,218.0,2418.0,164.0,462.0,605.0,263.0,62.0,14.0,296.0,137.0,126.0,2.0,34.0,5.0,0.5209125475285171,0.05555555555555555,1.5464000889968452,0.5340359526059035,60.017869499999996,4797,0.0,273.0,18.80983130753033,19.586031301874062,14.374389840596924,88.09105554732619
multiplane-ophys_788406_2025-07-07_10-32-03_behavior-nwb_2026-07-07_17-39-11,multiplane-ophys_788406_2025-07-07_10-32-03_behavior-nwb_2026-07-07_17-39-11,788406,2025-07-07T10:32:02.780000+00:00,TRAINING_4_images_A_training,TRAINING_4_images_A_training,images,Natural_Images_Lum_Matched_set_training_2017.07.14,Mus musculus,M,P170D,Slc32a1-IRES-Cre/wt;Oi1(TIT2L-jGCaMP8s-WPRE-ICL-IRES-tTA2)/wt,,,,ba54e88d-5e9f-4057-8916-9d603e5ff5b1,3389.0,155.0,236.0,0.0,1.0750000000000002,150.0,5.0,150.0,371.0,430.0,7.0,85.0,2248.0,98.0,603.0,669.0,231.0,76.0,9.0,400.0,150.0,81.0,5.0,28.0,5.0,0.6493506493506493,0.15151515151515152,1.3690626879261187,0.5202915132344569,60.06847066666667,4801,0.0,236.0,20.19504422129006,17.569352928212414,22.246778208726475,66.19810731970068
multiplane-ophys_788406_2025-07-08_10-15-16_behavior-nwb_2026-07-07_17-39-36,multiplane-ophys_788406_2025-07-08_10-15-16_behavior-nwb_2026-07-07_17-39-36,788406,2025-07-08T10:15:15.534000+00:00,TRAINING_5_images_A_epilogue,TRAINING_5_images_A_epilogue,images,Natural_Images_Lum_Matched_set_training_2017.07.14,Mus musculus,M,P171D,Slc32a1-IRES-Cre/wt;Oi1(TIT2L-jGCaMP8s-WPRE-ICL-IRES-tTA2)/wt,,,,1c8fef65-92e5-41af-aa39-0acb40300555,2680.0,133.0,286.0,0.0,0.921,128.0,5.0,129.0,227.0,230.0,0.0,66.0,1948.0,80.0,416.0,558.0,281.0,81.0,13.0,231.0,128.0,153.0,5.0,36.0,5.0,0.4555160142348754,0.12195121951219512,1.0105614518415404,0.5296975854117507,60.090704499999994,4803,0.0,286.0,21.767296467685803,19.096782458740243,23.366120442603282,69.43289860264345
multiplane-ophys_788406_2025-07-10_13-36-01_behavior-nwb_2026-07-07_17-40-02,multiplane-ophys_788406_2025-07-10_13-36-01_behavior-nwb_2026-07-07_17-40-02,788406,2025-07-10T13:36:01.169000+00:00,TRAINING_5_images_A_handoff_ready,TRAINING_5_images_A_handoff_ready,images,Natural_Images_Lum_Matched_set_training_2017.07.14,Mus musculus,M,P173D,Slc32a1-IRES-Cre/wt;Oi1(TIT2L-jGCaMP8s-WPRE-ICL-IRES-tTA2)/wt,,,,5ba5568a-114a-40ee-9e5a-84647d2f7d98,3313.0,147.0,276.0,0.0,1.0190000000000001,142.0,5.0,148.0,210.0,292.0,1.0,79.0,2467.0,116.0,496.0,603.0,271.0,93.0,17.0,289.0,142.0,129.0,7.0,31.0,5.0,0.5239852398523985,0.18421052631578946,0.9293606838450905,0.557279943261171,60.01982666666667,4797,0.0,276.0,19.240390573634762,18.436926740762832,17.998500940710326,81.25465593535218
multiplane-ophys_788406_2025-07-11_12-25-37_behavior-nwb_2026-07-07_17-40-26,multiplane-ophys_788406_2025-07-11_12-25-37_behavior-nwb_2026-07-07_17-40-26,788406,2025-07-11T12:25:37.445000+00:00,OPHYS_1_images_A,OPHYS_1_images_A,images,Natural_Images_Lum_Matched_set_training_2017.07.14,Mus musculus,M,P174D,Slc32a1-IRES-Cre/wt;Oi1(TIT2L-jGCaMP8s-WPRE-ICL-IRES-tTA2)/wt,,,,1e752112-06d3-44de-b01c-45342f2e5a4c,3403.0,90.0,225.0,199.0,0.6200000000000001,85.0,5.0,93.0,327.0,739.0,10.0,232.0,1683.0,319.0,770.0,817.0,220.0,108.0,22.0,559.0,85.0,135.0,6.0,27.0,5.0,0.38636363636363635,0.18181818181818182,0.5861032969340915,0.5271691415656673,60.09237783333334,4803,199.0,225.0,17.607002644622746,15.968509164915108,17.090541543018322,74.08334420247103
multiplane-ophys_788406_2025-07-14_12-20-34_behavior-nwb_2026-07-07_17-41-18,multiplane-ophys_788406_2025-07-14_12-20-34_behavior-nwb_2026-07-07_17-41-18,788406,2025-07-14T12:20:34.401000+00:00,OPHYS_1_images_A,OPHYS_1_images_A,images,Natural_Images_Lum_Matched_set_training_2017.07.14,Mus musculus,M,P177D,Slc32a1-IRES-Cre/wt;Oi1(TIT2L-jGCaMP8s-WPRE-ICL-IRES-tTA2)/wt,,,,a7e3ad57-b28a-453c-b900-b70019c35c58,4374.0,141.0,162.0,162.0,0.9770000000000001,136.0,5.0,139.0,516.0,918.0,1.0,76.0,2360.0,364.0,994.0,916.0,157.0,101.0,59.0,731.0,136.0,21.0,6.0,17.0,5.0,0.8662420382165605,0.2608695652173913,1.7084150554843085,0.522579505938625,60.08098883333333,4802,162.0,162.0,24.23490215018922,19.445551842091962,24.155289187269716,78.38334125344419
multiplane-ophys_788406_2025-07-15_10-39-07_behavior-nwb_2026-07-07_17-41-34,multiplane-ophys_788406_2025-07-15_10-39-07_behavior-nwb_2026-07-07_17-41-34,788406,2025-07-15T10:39:07.103000+00:00,OPHYS_4_images_B,OPHYS_4_images_B,images,Natural_Images_Lum_Matched_set_ophys_6_2017.07.14,Mus musculus,M,P178D,Slc32a1-IRES-Cre/wt;Oi1(TIT2L-jGCaMP8s-WPRE-ICL-IRES-tTA2)/wt,,,,f32d3831-27d1-46bf-945e-2848b06f12a5,3483.0,153.0,210.0,200.0,1.061,148.0,5.0,148.0,375.0,660.0,3.0,106.0,1903.0,288.0,849.0,785.0,205.0,84.0,72.0,545.0,148.0,57.0,7.0,23.0,5.0,0.7219512195121951,0.23333333333333334,1.2855294275241484,0.4818636219819277,60.05512483333334,4800,200.0,210.0,26.166640997904725,22.301636631340426,27.268023159936156,80.91559378312199
multiplane-ophys_788406_2025-07-16_12-07-35_behavior-nwb_2026-07-07_17-41-49,multiplane-ophys_788406_2025-07-16_12-07-35_behavior-nwb_2026-07-07_17-41-49,788406,2025-07-16T12:07:35.181000+00:00,OPHYS_4_images_B,OPHYS_4_images_B,images,Natural_Images_Lum_Matched_set_ophys_6_2017.07.14,Mus musculus,M,P179D,Slc32a1-IRES-Cre/wt;Oi1(TIT2L-jGCaMP8s-WPRE-ICL-IRES-tTA2)/wt,,,,e2dfcaa0-2788-4b89-93b1-279ee89da751,2739.0,146.0,290.0,192.0,1.012,141.0,5.0,148.0,227.0,311.0,1.0,128.0,1825.0,99.0,491.0,559.0,285.0,64.0,12.0,229.0,141.0,144.0,3.0,37.0,5.0,0.49473684210526314,0.075,1.3567094489988025,0.5796909059803642,60.08237483333333,4802,192.0,290.0,29.06545196398974,23.984121301175467,30.937807026185148,92.39179208276556
multiplane-ophys_788406_2025-07-17_12-43-19_behavior-nwb_2026-07-07_17-42-02,multiplane-ophys_788406_2025-07-17_12-43-19_behavior-nwb_2026-07-07_17-42-02,788406,2025-07-17T12:43:19.027000+00:00,OPHYS_6_images_B,OPHYS_6_images_B,images,Natural_Images_Lum_Matched_set_ophys_6_2017.07.14,Mus musculus,M,P180D,Slc32a1-IRES-Cre/wt;Oi1(TIT2L-jGCaMP8s-WPRE-ICL-IRES-tTA2)/wt,,,,a68ce13b-3cee-43e4-8736-a3ed3d5a389e,230.0,37.0,344.0,186.0,0.24900000000000003,32.0,5.0,35.0,27.0,61.0,0.0,32.0,4.0,71.0,124.0,439.0,339.0,58.0,8.0,46.0,32.0,307.0,0.0,49.0,5.0,0.0943952802359882,0.0,1.0192411577524547,0.5517283653686675,60.002863166666664,4796,186.0,344.0,23.327725745364834,25.98911863665999,6.462457232680061,83.77772961704461
multiplane-ophys_788406_2025-07-18_12-17-32_behavior-nwb_2026-07-07_17-42-15,multiplane-ophys_788406_2025-07-18_12-17-32_behavior-nwb_2026-07-07_17-42-15,788406,2025-07-18T12:17:31.868000+00:00,OPHYS_6_images_B,OPHYS_6_images_B,images,Natural_Images_Lum_Matched_set_ophys_6_2017.07.14,Mus musculus,M,P181D,Slc32a1-IRES-Cre/wt;Oi1(TIT2L-jGCaMP8s-WPRE-ICL-IRES-tTA2)/wt,,,,00418e79-8cf1-42c1-a225-ac8222a6e01c,64.0,7.0,353.0,215.0,0.039,2.0,5.0,2.0,9.0,33.0,0.0,8.0,4.0,8.0,21.0,415.0,348.0,49.0,5.0,13.0,2.0,346.0,1.0,48.0,5.0,0.005747126436781609,0.02040816326530612,-0.5681736377020765,0.1706866251665815,60.01536783333333,4797,215.0,353.0,20.790737141231006,25.62100181334297,2.963962296221889,84.96262848053271
multiplane-ophys_788406_2025-07-21_11-16-45_behavior-nwb_2026-07-07_17-42-27,multiplane-ophys_788406_2025-07-21_11-16-45_behavior-nwb_2026-07-07_17-42-27,788406,2025-07-21T11:16:44.772000+00:00,OPHYS_6_images_B,OPHYS_6_images_B,images,Natural_Images_Lum_Matched_set_ophys_6_2017.07.14,Mus musculus,M,P184D,Slc32a1-IRES-Cre/wt;Oi1(TIT2L-jGCaMP8s-WPRE-ICL-IRES-tTA2)/wt,,,,1b93e9a7-2442-49b7-b6c2-2fe872b167f6,1.0,5.0,358.0,204.0,0.025,0.0,5.0,0.0,1.0,0.0,0.0,0.0,0.0,0.0,1.0,411.0,353.0,52.0,5.0,1.0,0.0,353.0,0.0,52.0,5.0,0.0,0.0,-0.6380502736660829,,60.03984233333333,4799,204.0,358.0,26.009878740534557,29.411549523750022,6.848857978347333,99.50176451375832
multiplane-ophys_788406_2025-07-22_10-10-36_behavior-nwb_2026-07-07_17-42-42,multiplane-ophys_788406_2025-07-22_10-10-36_behavior-nwb_2026-07-07_17-42-42,788406,2025-07-22T10:10:41.940000+00:00,,STAGE_0,,,Mus musculus,M,,Slc32a1-IRES-Cre/wt;Oi1(TIT2L-jGCaMP8s-WPRE-ICL-IRES-tTA2)/wt,,,,9d514f62-72ab-4071-a4fd-37dc91895ac4,,,,,,,,,,,,,,,,,,,,,,,,,,,,,,,137370,,,31.733361261236734,30.39097597913345,33.200570152918715,96.51108192487918
multiplane-ophys_788406_2025-07-23_12-31-02_behavior-nwb_2026-07-07_17-43-11,multiplane-ophys_788406_2025-07-23_12-31-02_behavior-nwb_2026-07-07_17-43-11,788406,2025-07-23T12:31:08.017000+00:00,,STAGE_0,,,Mus musculus,M,,Slc32a1-IRES-Cre/wt;Oi1(TIT2L-jGCaMP8s-WPRE-ICL-IRES-tTA2)/wt,,,,e1e54385-a676-47a6-957e-4680bc957c76,,,,,,,,,,,,,,,,,,,,,,,,,,,,,,,137370,,,36.78735631542489,33.28379135369233,45.13991965514016,98.39881733609408
multiplane-ophys_788406_2025-07-25_11-13-57_behavior-nwb_2026-07-07_17-43-40,multiplane-ophys_788406_2025-07-25_11-13-57_behavior-nwb_2026-07-07_17-43-40,788406,2025-07-25T11:14:03.327000+00:00,,STAGE_1,,,Mus musculus,M,,Slc32a1-IRES-Cre/wt;Oi1(TIT2L-jGCaMP8s-WPRE-ICL-IRES-tTA2)/wt,,,,1ac940b5-a128-4c33-a4be-6ab47237cc4c,,,,,,,,,,,,,,,,,,,,,,,,,,,,,,,1093,,,18.83608891863587,28.832889905178916,0.09663896565232838,97.1829982300674
multiplane-ophys_788406_2025-07-28_12-22-00_behavior-nwb_2026-07-07_17-43-59,multiplane-ophys_788406_2025-07-28_12-22-00_behavior-nwb_2026-07-07_17-43-59,788406,2025-07-28T12:22:05.884000+00:00,,STAGE_1,,,Mus musculus,M,,Slc32a1-IRES-Cre/wt;Oi1(TIT2L-jGCaMP8s-WPRE-ICL-IRES-tTA2)/wt,,,,b6b467c6-d4f8-4595-b665-96833f7f5f43,,,,,,,,,,,,,,,,,,,,,,,,,,,,,,,1094,,,18.979852014097784,27.7367832016633,0.1298824427575846,90.54254212090012
multiplane-ophys_788406_2025-07-29_10-20-34_behavior-nwb_2026-07-07_17-44-16,multiplane-ophys_788406_2025-07-29_10-20-34_behavior-nwb_2026-07-07_17-44-16,788406,2025-07-29T10:20:39.558000+00:00,,STAGE_1,,,Mus musculus,M,,Slc32a1-IRES-Cre/wt;Oi1(TIT2L-jGCaMP8s-WPRE-ICL-IRES-tTA2)/wt,,,,327018ac-68ac-4dbc-9622-07562db2d6a1,,,,,,,,,,,,,,,,,,,,,,,,,,,,,,,1091,,,7.964236320708899,19.785770665311222,0.04662079361489925,91.59644391505627
multiplane-ophys_788406_2025-07-30_12-00-51_behavior-nwb_2026-07-07_17-44-33,multiplane-ophys_788406_2025-07-30_12-00-51_behavior-nwb_2026-07-07_17-44-33,788406,2025-07-30T12:00:51.786000+00:00,,CENTER_MOUSEMOTION,,,Mus musculus,M,,Slc32a1-IRES-Cre/wt;Oi1(TIT2L-jGCaMP8s-WPRE-ICL-IRES-tTA2)/wt,,,,8c603866-def0-44f1-8318-96ac8556ef33,,,,,,,,,,,,,,,,,,,,,,,,,,,,,,,2946,,,5.966088153170222,15.165660702670392,0.05292119499486958,87.87720938621077
multiplane-ophys_790322_2025-06-11_15-09-29_behavior-nwb_2026-07-07_17-34-37,multiplane-ophys_790322_2025-06-11_15-09-29_behavior-nwb_2026-07-07_17-34-37,790322,2025-06-11T15:09:28.880000+00:00,TRAINING_0_gratings_autorewards_15min,TRAINING_0_gratings_autorewards_15min,grating,,Mus musculus,M,P131D,Slc32a1-IRES-Cre/wt;Oi1(TIT2L-jGCaMP8s-WPRE-ICL-IRES-tTA2)/wt,,,,be54c061-88ff-465c-9e89-a8b7c53a53c2,1684.0,122.0,122.0,0.0,0.61,0.0,122.0,0.0,0.0,0.0,0.0,0.0,1157.0,527.0,383.0,122.0,0.0,0.0,122.0,0.0,0.0,0.0,0.0,0.0,0.0,,,,,15.092251500000001,123,0.0,122.0,0.05429231655269763,2.247987106636644,7.20221344683262e-05,20.146397417093944
multiplane-ophys_790322_2025-06-12_15-23-11_behavior-nwb_2026-07-07_17-34-41,multiplane-ophys_790322_2025-06-12_15-23-11_behavior-nwb_2026-07-07_17-34-41,790322,2025-06-12T15:23:10.471000+00:00,TRAINING_1_gratings,TRAINING_1_gratings,grating,,Mus musculus,M,P132D,Slc32a1-IRES-Cre/wt;Oi1(TIT2L-jGCaMP8s-WPRE-ICL-IRES-tTA2)/wt,,,,b1ccadec-49bb-4faf-ba54-ab5e45a5328b,1577.0,87.0,312.0,0.0,0.7650000000000001,66.0,21.0,66.0,4.0,853.0,1.0,92.0,545.0,16.0,537.0,759.0,291.0,96.0,26.0,415.0,66.0,225.0,2.0,30.0,5.0,0.2268041237113402,0.0625,0.6878889675616832,0.48321304086708194,60.090985333333336,313,0.0,312.0,19.754160407689323,17.956021156418377,17.382622563834484,83.74343793991949
multiplane-ophys_790322_2025-06-13_14-57-49_behavior-nwb_2026-07-07_17-35-01,multiplane-ophys_790322_2025-06-13_14-57-49_behavior-nwb_2026-07-07_17-35-01,790322,2025-06-13T14:57:48.691000+00:00,TRAINING_1_gratings,TRAINING_1_gratings,grating,,Mus musculus,M,P133D,Slc32a1-IRES-Cre/wt;Oi1(TIT2L-jGCaMP8s-WPRE-ICL-IRES-tTA2)/wt,,,,22275dd5-05b2-47e1-94c1-5ca0811243ea,1124.0,70.0,332.0,0.0,0.5700000000000001,44.0,26.0,42.0,4.0,591.0,4.0,93.0,379.0,11.0,359.0,648.0,306.0,61.0,55.0,275.0,44.0,262.0,3.0,38.0,5.0,0.1437908496732026,0.07317073170731707,0.32465811435794967,0.4587102438492362,60.154367666666666,333,0.0,332.0,24.633970511322865,16.879585557252923,26.353736747829753,71.1774211045652
multiplane-ophys_790322_2025-06-16_12-24-56_behavior-nwb_2026-07-07_17-35-20,multiplane-ophys_790322_2025-06-16_12-24-56_behavior-nwb_2026-07-07_17-35-20,790322,2025-06-16T12:24:55.850000+00:00,TRAINING_1_gratings,TRAINING_1_gratings,grating,,Mus musculus,M,P136D,Slc32a1-IRES-Cre/wt;Oi1(TIT2L-jGCaMP8s-WPRE-ICL-IRES-tTA2)/wt,,,,48c491df-e94a-44b8-a3aa-7882aad90fa7,2627.0,102.0,213.0,0.0,0.965,91.0,11.0,92.0,8.0,1504.0,11.0,96.0,911.0,5.0,1045.0,1157.0,202.0,126.0,21.0,920.0,91.0,111.0,5.0,19.0,5.0,0.4504950495049505,0.20833333333333334,0.6483985194808303,0.4245726936366838,60.00535666666667,214,0.0,213.0,10.881534496584692,14.937439446337113,3.7203984980654488,69.95294481620809
multiplane-ophys_790322_2025-06-17_15-44-27_behavior-nwb_2026-07-07_17-35-42,multiplane-ophys_790322_2025-06-17_15-44-27_behavior-nwb_2026-07-07_17-35-42,790322,2025-06-17T15:44:26.466000+00:00,TRAINING_2_gratings_flashed,TRAINING_2_gratings_flashed,grating,,Mus musculus,M,P137D,Slc32a1-IRES-Cre/wt;Oi1(TIT2L-jGCaMP8s-WPRE-ICL-IRES-tTA2)/wt,,,,4f0d01ca-a3a4-4086-a3dd-4d61053fc8ae,2599.0,73.0,165.0,0.0,0.6749999999999999,62.0,11.0,63.0,444.0,1102.0,10.0,144.0,618.0,218.0,980.0,990.0,154.0,87.0,47.0,804.0,62.0,92.0,5.0,16.0,5.0,0.4025974025974026,0.23809523809523808,0.42948352715876104,0.4172987753981851,60.081258500000004,4802,0.0,165.0,19.980001450912344,21.023871854680795,14.613973047023588,90.15413042904318
multiplane-ophys_790322_2025-06-18_14-34-44_behavior-nwb_2026-07-07_17-36-05,multiplane-ophys_790322_2025-06-18_14-34-44_behavior-nwb_2026-07-07_17-36-05,790322,2025-06-18T14:34:43.681000+00:00,TRAINING_2_gratings_flashed,TRAINING_2_gratings_flashed,grating,,Mus musculus,M,P138D,Slc32a1-IRES-Cre/wt;Oi1(TIT2L-jGCaMP8s-WPRE-ICL-IRES-tTA2)/wt,,,,079a2840-b272-4d95-8728-cca6b778f8e8,3553.0,55.0,150.0,0.0,0.5000000000000001,45.0,10.0,47.0,683.0,1650.0,4.0,408.0,466.0,295.0,1028.0,1088.0,140.0,77.0,68.0,925.0,45.0,95.0,1.0,12.0,5.0,0.32142857142857145,0.07692307692307693,0.7816910352373982,0.42620934797737137,60.0798705,4802,0.0,150.0,16.561698827873453,18.72120203852546,9.189611193520935,74.16814050793981
multiplane-ophys_790322_2025-06-23_12-18-18_behavior-nwb_2026-07-07_17-36-29,multiplane-ophys_790322_2025-06-23_12-18-18_behavior-nwb_2026-07-07_17-36-29,790322,2025-06-23T12:18:18.387000+00:00,TRAINING_3_images_A_10uL_reward,TRAINING_3_images_A_10uL_reward,images,Natural_Images_Lum_Matched_set_training_2017.07.14,Mus musculus,M,P143D,Slc32a1-IRES-Cre/wt;Oi1(TIT2L-jGCaMP8s-WPRE-ICL-IRES-tTA2)/wt,,,,d55d971c-9829-4910-8b6f-e89a7f0e934c,3001.0,66.0,135.0,0.0,0.625,59.0,7.0,59.0,425.0,1442.0,4.0,109.0,647.0,315.0,1054.0,1128.0,128.0,191.0,29.0,973.0,59.0,69.0,2.0,18.0,5.0,0.4609375,0.1,1.0824516280099115,0.4099980287642288,60.002024999999996,4796,0.0,135.0,6.60630809246327,14.5653598285987,0.11472159291772047,78.48962793218799
multiplane-ophys_790322_2025-06-24_12-14-55_behavior-nwb_2026-07-07_17-36-43,multiplane-ophys_790322_2025-06-24_12-14-55_behavior-nwb_2026-07-07_17-36-43,790322,2025-06-24T12:14:54.961000+00:00,TRAINING_3_images_A_10uL_reward,TRAINING_3_images_A_10uL_reward,images,Natural_Images_Lum_Matched_set_training_2017.07.14,Mus musculus,M,P144D,Slc32a1-IRES-Cre/wt;Oi1(TIT2L-jGCaMP8s-WPRE-ICL-IRES-tTA2)/wt,,,,078cfd57-dc8c-4ccc-a9a7-8f61e9ec6e41,2867.0,76.0,162.0,0.0,0.71,66.0,10.0,69.0,353.0,1231.0,13.0,113.0,861.0,227.0,1065.0,1060.0,152.0,88.0,32.0,880.0,66.0,86.0,5.0,13.0,5.0,0.4342105263157895,0.2777777777777778,0.390351164155368,0.40493985438909746,60.102941666666666,4804,0.0,162.0,8.866833779877469,15.097310089726019,0.4643154500357945,62.02701742944084
multiplane-ophys_790322_2025-06-25_14-02-09_behavior-nwb_2026-07-07_17-37-09,multiplane-ophys_790322_2025-06-25_14-02-09_behavior-nwb_2026-07-07_17-37-09,790322,2025-06-25T14:02:08.986000+00:00,TRAINING_3_images_A_10uL_reward,TRAINING_3_images_A_10uL_reward,images,Natural_Images_Lum_Matched_set_training_2017.07.14,Mus musculus,M,P145D,Slc32a1-IRES-Cre/wt;Oi1(TIT2L-jGCaMP8s-WPRE-ICL-IRES-tTA2)/wt,,,,329e981e-1b08-4853-966a-363064e20443,3125.0,82.0,146.0,0.0,0.7899999999999999,76.0,6.0,80.0,423.0,1154.0,6.0,110.0,1077.0,275.0,1074.0,1050.0,140.0,93.0,37.0,886.0,76.0,64.0,2.0,16.0,5.0,0.5428571428571428,0.1111111111111111,1.2258264857456176,0.44148406556517017,60.01648133333333,4797,0.0,146.0,10.599569712592734,12.885133801588502,5.51840944326694,61.35135184150075
multiplane-ophys_790322_2025-06-26_14-34-26_behavior-nwb_2026-07-07_17-37-34,multiplane-ophys_790322_2025-06-26_14-34-26_behavior-nwb_2026-07-07_17-37-34,790322,2025-06-26T14:34:25.650000+00:00,TRAINING_4_images_A_training,TRAINING_4_images_A_training,images,Natural_Images_Lum_Matched_set_training_2017.07.14,Mus musculus,M,P146D,Slc32a1-IRES-Cre/wt;Oi1(TIT2L-jGCaMP8s-WPRE-ICL-IRES-tTA2)/wt,,,,3a5c030c-9a6e-49b8-b290-fcb02e408bda,2511.0,95.0,225.0,0.0,0.6550000000000001,90.0,5.0,93.0,360.0,677.0,4.0,177.0,1018.0,182.0,711.0,774.0,220.0,82.0,39.0,517.0,90.0,130.0,4.0,28.0,5.0,0.4090909090909091,0.125,0.8679780343718848,0.5359628385225312,60.040109666666666,4799,0.0,225.0,19.782535717680865,16.571682721766738,19.56262918807073,68.77667135318363
multiplane-ophys_790322_2025-06-30_11-27-24_behavior-nwb_2026-07-07_17-37-47,multiplane-ophys_790322_2025-06-30_11-27-24_behavior-nwb_2026-07-07_17-37-47,790322,2025-06-30T11:27:23.696000+00:00,TRAINING_5_images_A_epilogue,TRAINING_5_images_A_epilogue,images,Natural_Images_Lum_Matched_set_training_2017.07.14,Mus musculus,M,P150D,Slc32a1-IRES-Cre/wt;Oi1(TIT2L-jGCaMP8s-WPRE-ICL-IRES-tTA2)/wt,,,,827d49ad-2f50-4952-b92c-caa1557f8539,2705.0,85.0,235.0,0.0,0.5850000000000001,80.0,5.0,87.0,421.0,739.0,6.0,171.0,898.0,383.0,742.0,718.0,230.0,90.0,24.0,449.0,80.0,150.0,5.0,29.0,5.0,0.34782608695652173,0.14705882352941177,0.6168556880086951,0.527006524844382,60.00451983333333,4796,0.0,235.0,16.120369652527224,17.361446125688868,10.687816447392532,69.10313825333843
multiplane-ophys_790322_2025-07-01_13-35-26_behavior-nwb_2026-07-07_17-38-11,multiplane-ophys_790322_2025-07-01_13-35-26_behavior-nwb_2026-07-07_17-38-11,790322,2025-07-01T13:35:25.711000+00:00,TRAINING_5_images_A_handoff_ready,TRAINING_5_images_A_handoff_ready,images,Natural_Images_Lum_Matched_set_training_2017.07.14,Mus musculus,M,P151D,Slc32a1-IRES-Cre/wt;Oi1(TIT2L-jGCaMP8s-WPRE-ICL-IRES-tTA2)/wt,,,,82445f47-0504-4e33-8432-95c55077af27,3205.0,95.0,182.0,0.0,0.6550000000000001,90.0,5.0,92.0,471.0,1041.0,8.0,173.0,957.0,463.0,974.0,924.0,177.0,111.0,8.0,718.0,90.0,87.0,4.0,20.0,5.0,0.5084745762711864,0.16666666666666666,0.9364899309067439,0.4829775841608902,60.01258716666666,4797,0.0,182.0,16.54504671110118,17.612297770382423,11.912941555244847,78.56754457657509
multiplane-ophys_790322_2025-07-02_14-00-54_behavior-nwb_2026-07-07_17-38-36,multiplane-ophys_790322_2025-07-02_14-00-54_behavior-nwb_2026-07-07_17-38-36,790322,2025-07-02T14:00:54.418000+00:00,OPHYS_1_images_A,OPHYS_1_images_A,images,Natural_Images_Lum_Matched_set_training_2017.07.14,Mus musculus,M,P152D,Slc32a1-IRES-Cre/wt;Oi1(TIT2L-jGCaMP8s-WPRE-ICL-IRES-tTA2)/wt,,,,8182ffff-5e3a-4dda-899a-a5b9724f15b8,2796.0,89.0,208.0,186.0,0.6130000000000001,84.0,5.0,87.0,316.0,737.0,2.0,128.0,1132.0,394.0,853.0,804.0,203.0,72.0,19.0,567.0,84.0,119.0,4.0,25.0,5.0,0.41379310344827586,0.13793103448275862,0.81971956360053,0.5366405957408266,60.030099500000006,4798,186.0,208.0,19.646685021966224,19.81841133223063,15.848990454326463,79.497936047724
multiplane-ophys_790322_2025-07-03_14-03-48_behavior-nwb_2026-07-07_17-38-59,multiplane-ophys_790322_2025-07-03_14-03-48_behavior-nwb_2026-07-07_17-38-59,790322,2025-07-03T14:03:48.404000+00:00,OPHYS_1_images_A,OPHYS_1_images_A,images,Natural_Images_Lum_Matched_set_training_2017.07.14,Mus musculus,M,P153D,Slc32a1-IRES-Cre/wt;Oi1(TIT2L-jGCaMP8s-WPRE-ICL-IRES-tTA2)/wt,,,,ce3c9c43-879c-4297-aa0b-7fa350ca216d,2023.0,81.0,279.0,163.0,0.557,76.0,5.0,77.0,215.0,403.0,2.0,119.0,984.0,223.0,539.0,636.0,274.0,82.0,10.0,319.0,76.0,198.0,2.0,36.0,5.0,0.2773722627737226,0.05263157894736842,0.9329667580691149,0.5395774734036132,60.080421666666666,4802,163.0,279.0,22.7176791475986,20.215702272670367,22.83895282295316,83.11721850380505
multiplane-ophys_790322_2025-07-07_12-19-54_behavior-nwb_2026-07-07_17-39-22,multiplane-ophys_790322_2025-07-07_12-19-54_behavior-nwb_2026-07-07_17-39-22,790322,2025-07-07T12:19:53.486000+00:00,OPHYS_4_images_B,OPHYS_4_images_B,images,Natural_Images_Lum_Matched_set_ophys_6_2017.07.14,Mus musculus,M,P157D,Slc32a1-IRES-Cre/wt;Oi1(TIT2L-jGCaMP8s-WPRE-ICL-IRES-tTA2)/wt,,,,9827838e-ea13-4e91-8186-aa58071349b5,3084.0,121.0,229.0,185.0,0.8370000000000003,116.0,5.0,123.0,323.0,758.0,1.0,115.0,1413.0,351.0,733.0,748.0,224.0,86.0,13.0,487.0,116.0,108.0,3.0,29.0,5.0,0.5178571428571429,0.09375,1.2923308946546483,0.5609135387759318,60.00591516666667,4796,185.0,229.0,19.421692411270836,19.52702314320801,15.712813366419503,74.99276821159704
multiplane-ophys_790322_2025-07-08_12-35-46_behavior-nwb_2026-07-07_17-39-48,multiplane-ophys_790322_2025-07-08_12-35-46_behavior-nwb_2026-07-07_17-39-48,790322,2025-07-08T12:35:45.787000+00:00,OPHYS_4_images_B,OPHYS_4_images_B,images,Natural_Images_Lum_Matched_set_ophys_6_2017.07.14,Mus musculus,M,P158D,Slc32a1-IRES-Cre/wt;Oi1(TIT2L-jGCaMP8s-WPRE-ICL-IRES-tTA2)/wt,,,,4d4dd7fb-29c4-47ec-9423-b101adf14ade,3529.0,130.0,242.0,185.0,0.9,125.0,5.0,124.0,300.0,771.0,6.0,223.0,1471.0,634.0,775.0,734.0,237.0,105.0,16.0,455.0,125.0,112.0,7.0,30.0,5.0,0.5274261603375527,0.1891891891891892,0.9195704221207764,0.493656795663157,60.06901866666667,4801,185.0,242.0,16.82978070169218,19.499149637266314,7.170582765202414,78.13832110704195
multiplane-ophys_790322_2025-07-10_15-25-55_behavior-nwb_2026-07-07_17-40-15,multiplane-ophys_790322_2025-07-10_15-25-55_behavior-nwb_2026-07-07_17-40-15,790322,2025-07-10T15:25:54.854000+00:00,OPHYS_6_images_B,OPHYS_6_images_B,images,Natural_Images_Lum_Matched_set_ophys_6_2017.07.14,Mus musculus,M,P160D,Slc32a1-IRES-Cre/wt;Oi1(TIT2L-jGCaMP8s-WPRE-ICL-IRES-tTA2)/wt,,,,209dc2e8-1481-494e-9e2c-3ea16618210a,286.0,30.0,335.0,179.0,0.20000000000000004,25.0,5.0,28.0,46.0,70.0,1.0,61.0,25.0,55.0,174.0,461.0,330.0,59.0,7.0,78.0,25.0,305.0,2.0,46.0,5.0,0.07575757575757576,0.041666666666666664,0.2097671255203839,0.5760134244444248,60.05457233333333,4800,179.0,335.0,16.556607456653733,19.591247168565527,2.8816773915403453,70.02562809198278
multiplane-ophys_790322_2025-07-11_14-33-34_behavior-nwb_2026-07-07_17-40-40,multiplane-ophys_790322_2025-07-11_14-33-34_behavior-nwb_2026-07-07_17-40-40,790322,2025-07-11T14:33:33.885000+00:00,OPHYS_6_images_B,OPHYS_6_images_B,images,Natural_Images_Lum_Matched_set_ophys_6_2017.07.14,Mus musculus,M,P161D,Slc32a1-IRES-Cre/wt;Oi1(TIT2L-jGCaMP8s-WPRE-ICL-IRES-tTA2)/wt,,,,ccd12708-64e6-4d0b-ac7f-1923803b4d7b,200.0,5.0,351.0,217.0,0.025,0.0,5.0,0.0,9.0,83.0,0.0,17.0,0.0,91.0,52.0,432.0,346.0,56.0,5.0,33.0,0.0,346.0,0.0,48.0,5.0,0.0,0.0,-0.6613099912757194,,60.029832166666665,4798,217.0,351.0,44.01403473177355,30.703788295464214,51.11151618186738,118.56813239342466
multiplane-ophys_790322_2025-07-12_10-41-51_behavior-nwb_2026-07-07_17-40-56,multiplane-ophys_790322_2025-07-12_10-41-51_behavior-nwb_2026-07-07_17-40-56,790322,2025-07-12T10:41:56.979000+00:00,,STAGE_0,,,Mus musculus,M,,Slc32a1-IRES-Cre/wt;Oi1(TIT2L-jGCaMP8s-WPRE-ICL-IRES-tTA2)/wt,,,,15a6d77d-5d00-46ae-95f3-2a619e94b84b,,,,,,,,,,,,,,,,,,,,,,,,,,,,,,,137370,,,25.848197569709047,23.738657052317752,25.74675268418119,84.05101212858338
multiplane-ophys_790322_2025-08-02_12-29-52_behavior-nwb_2026-07-07_17-44-59,multiplane-ophys_790322_2025-08-02_12-29-52_behavior-nwb_2026-07-07_17-44-59,790322,2025-08-02T12:29:57.536000+00:00,,STAGE_1,,,Mus musculus,M,,Slc32a1-IRES-Cre/wt;Oi1(TIT2L-jGCaMP8s-WPRE-ICL-IRES-tTA2)/wt,,,,57a9efc4-cbb4-4d70-9574-4eb4b5b583f9,,,,,,,,,,,,,,,,,,,,,,,,,,,,,,,1090,,,17.20957246615769,25.80672083319433,0.23504088710027743,102.55572160868212
multiplane-ophys_790322_2025-08-05_08-54-42_behavior-nwb_2026-07-07_17-45-15,multiplane-ophys_790322_2025-08-05_08-54-42_behavior-nwb_2026-07-07_17-45-15,790322,2025-08-05T08:54:48.076000+00:00,,STAGE_1,,,Mus musculus,M,,Slc32a1-IRES-Cre/wt;Oi1(TIT2L-jGCaMP8s-WPRE-ICL-IRES-tTA2)/wt,,,,891d3bc1-5249-4499-bc0a-c228b637b2cb,,,,,,,,,,,,,,,,,,,,,,,,,,,,,,,1093,,,17.810581102726623,26.531043312149237,0.21064929916168335,93.97020585751926
multiplane-ophys_790322_2025-08-06_09-43-14_behavior-nwb_2026-07-07_17-45-33,multiplane-ophys_790322_2025-08-06_09-43-14_behavior-nwb_2026-07-07_17-45-33,790322,2025-08-06T09:43:20.393000+00:00,,STAGE_1,,,Mus musculus,M,,Slc32a1-IRES-Cre/wt;Oi1(TIT2L-jGCaMP8s-WPRE-ICL-IRES-tTA2)/wt,,,,cba5bd12-f49d-47fc-ad7f-00236d220e35,,,,,,,,,,,,,,,,,,,,,,,,,,,,,,,1090,,,8.388704657907626,18.00185336982113,0.03613985353717575,75.8283619556301
multiplane-ophys_790322_2025-08-07_10-13-27_behavior-nwb_2026-07-07_17-45-38,multiplane-ophys_790322_2025-08-07_10-13-27_behavior-nwb_2026-07-07_17-45-38,790322,2025-08-07T10:13:28.478000+00:00,,CENTER_MOUSEMOTION,,,Mus musculus,M,,Slc32a1-IRES-Cre/wt;Oi1(TIT2L-jGCaMP8s-WPRE-ICL-IRES-tTA2)/wt,,,,febb6d34-8374-42f1-94ce-4784c339fdcf,,,,,,,,,,,,,,,,,,,,,,,,,,,,,,,2950,,,14.181016905500446,21.387222199505054,0.2192362232508403,80.201517093229
multiplane-ophys_790322_2025-08-13_10-27-05_behavior-nwb_2026-07-07_17-47-39,multiplane-ophys_790322_2025-08-13_10-27-05_behavior-nwb_2026-07-07_17-47-39,790322,2025-08-13T10:27:04.830000+00:00,TRAINING_0_gratings_autorewards_15min,TRAINING_0_gratings_autorewards_15min,grating,,Mus musculus,M,P194D,Slc32a1-IRES-Cre/wt;Oi1(TIT2L-jGCaMP8s-WPRE-ICL-IRES-tTA2)/wt,,,,e675209b-b1f2-401f-b257-1020544cac5f,0.0,118.0,118.0,0.0,0.59,0.0,118.0,0.0,0.0,0.0,0.0,0.0,0.0,0.0,0.0,118.0,0.0,0.0,118.0,0.0,0.0,0.0,0.0,0.0,0.0,,,,,15.033543166666666,119,0.0,118.0,11.285308805923904,24.9910172826438,0.029754031499137797,99.98923954919572
multiplane-ophys_790322_2025-08-21_09-55-07_behavior-nwb_2026-07-07_17-50-56,multiplane-ophys_790322_2025-08-21_09-55-07_behavior-nwb_2026-07-07_17-50-56,790322,2025-08-21T09:55:13.186000+00:00,,STAGE_1,,,Mus musculus,M,,Slc32a1-IRES-Cre/wt;Oi1(TIT2L-jGCaMP8s-WPRE-ICL-IRES-tTA2)/wt,,,,ff12ae8e-b3ca-4c07-84a0-8dd4f0c2cf15,,,,,,,,,,,,,,,,,,,,,,,,,,,,,,,1092,,,0.24992984095298706,1.859610594833116,0.0002816000755028255,27.3435709689066
multiplane-ophys_800792_2025-07-22_12-20-40_behavior-nwb_2026-07-07_17-43-03,multiplane-ophys_800792_2025-07-22_12-20-40_behavior-nwb_2026-07-07_17-43-03,800792,2025-07-22T12:20:40.007000+00:00,TRAINING_0_gratings_autorewards_15min,TRAINING_0_gratings_autorewards_15min,grating,,Mus musculus,F,P107D,Slc32a1-IRES-Cre/wt;Oi1(TIT2L-jGCaMP8s-WPRE-ICL-IRES-tTA2)/wt,,,,b7c0ffd8-73a6-4805-b19a-8f47ca263eea,1641.0,119.0,119.0,0.0,0.595,0.0,119.0,0.0,0.0,0.0,0.0,0.0,880.0,761.0,175.0,119.0,0.0,0.0,119.0,0.0,0.0,0.0,0.0,0.0,0.0,,,,,15.0372025,120,0.0,119.0,3.2514785395837174,7.4325693085591995,0.03366422211731669,45.66364076318111
multiplane-ophys_800792_2025-07-23_14-42-38_behavior-nwb_2026-07-07_17-43-32,multiplane-ophys_800792_2025-07-23_14-42-38_behavior-nwb_2026-07-07_17-43-32,800792,2025-07-23T14:42:38.334000+00:00,TRAINING_1_gratings,TRAINING_1_gratings,grating,,Mus musculus,F,P108D,Slc32a1-IRES-Cre/wt;Oi1(TIT2L-jGCaMP8s-WPRE-ICL-IRES-tTA2)/wt,,,,3159a9bf-dfe3-4762-a2f1-25c70fcee192,435.0,40.0,353.0,0.0,0.24500000000000002,9.0,31.0,9.0,0.0,301.0,0.0,46.0,68.0,11.0,119.0,534.0,322.0,83.0,40.0,130.0,9.0,313.0,0.0,51.0,5.0,0.027950310559006212,0.0,0.4515171772970179,0.45143212273792227,60.067912666666665,354,0.0,353.0,19.436019198063292,18.15004812358378,18.505793976246828,64.3741027804252
multiplane-ophys_800792_2025-07-25_13-02-10_behavior-nwb_2026-07-07_17-43-45,multiplane-ophys_800792_2025-07-25_13-02-10_behavior-nwb_2026-07-07_17-43-45,800792,2025-07-25T13:02:09.911000+00:00,TRAINING_1_gratings,TRAINING_1_gratings,grating,,Mus musculus,F,P110D,Slc32a1-IRES-Cre/wt;Oi1(TIT2L-jGCaMP8s-WPRE-ICL-IRES-tTA2)/wt,,,,ed283c15-bd95-4168-b9db-1c4adbbcd736,3783.0,103.0,201.0,0.0,0.975,92.0,11.0,94.0,15.0,2187.0,13.0,153.0,1310.0,11.0,1042.0,1239.0,190.0,141.0,71.0,1008.0,92.0,98.0,8.0,22.0,5.0,0.4842105263157895,0.26666666666666666,0.5607974743007329,0.4526361009057202,60.03538283333334,202,0.0,201.0,12.997077517292869,12.45676676610486,11.291347580521359,56.90095289652197
multiplane-ophys_800792_2025-07-28_14-16-53_behavior-nwb_2026-07-07_17-44-04,multiplane-ophys_800792_2025-07-28_14-16-53_behavior-nwb_2026-07-07_17-44-04,800792,2025-07-28T14:16:53.304000+00:00,TRAINING_1_gratings,TRAINING_1_gratings,grating,,Mus musculus,F,P113D,Slc32a1-IRES-Cre/wt;Oi1(TIT2L-jGCaMP8s-WPRE-ICL-IRES-tTA2)/wt,,,,852d40ca-0cd2-4227-8ff7-504e30de49cf,3017.0,113.0,258.0,0.0,1.0699999999999998,101.0,12.0,100.0,13.0,1770.0,14.0,258.0,841.0,21.0,751.0,971.0,246.0,121.0,63.0,670.0,101.0,145.0,6.0,37.0,5.0,0.4105691056910569,0.13953488372093023,0.8210803665404323,0.44917769638782107,60.049565333333334,259,0.0,258.0,25.19446988573768,21.996813596578967,23.776472878670326,98.62912104878887
multiplane-ophys_800792_2025-07-29_12-31-47_behavior-nwb_2026-07-07_17-44-21,multiplane-ophys_800792_2025-07-29_12-31-47_behavior-nwb_2026-07-07_17-44-21,800792,2025-07-29T12:31:47.396000+00:00,TRAINING_1_gratings,TRAINING_1_gratings,grating,,Mus musculus,F,P114D,Slc32a1-IRES-Cre/wt;Oi1(TIT2L-jGCaMP8s-WPRE-ICL-IRES-tTA2)/wt,,,,22030cf2-a144-4333-8dd7-e422d9256e16,3295.0,113.0,262.0,0.0,1.0449999999999997,96.0,17.0,95.0,7.0,2025.0,6.0,305.0,825.0,32.0,706.0,954.0,245.0,114.0,43.0,646.0,96.0,149.0,4.0,42.0,5.0,0.39183673469387753,0.08695652173913043,1.0327950834746626,0.4182321145432472,60.01565066666667,263,0.0,262.0,26.801357068825876,20.598523367927168,30.464059691470354,78.43118341855107
multiplane-ophys_800792_2025-07-30_13-59-33_behavior-nwb_2026-07-07_17-44-38,multiplane-ophys_800792_2025-07-30_13-59-33_behavior-nwb_2026-07-07_17-44-38,800792,2025-07-30T13:59:33.210000+00:00,TRAINING_2_gratings_flashed,TRAINING_2_gratings_flashed,grating,,Mus musculus,F,P115D,Slc32a1-IRES-Cre/wt;Oi1(TIT2L-jGCaMP8s-WPRE-ICL-IRES-tTA2)/wt,,,,563e9ee9-492e-400e-ae51-69b533d7ceea,3198.0,122.0,252.0,0.0,1.1499999999999997,108.0,14.0,108.0,452.0,1040.0,4.0,308.0,1021.0,265.0,656.0,784.0,238.0,85.0,51.0,500.0,108.0,130.0,6.0,26.0,5.0,0.453781512605042,0.1875,0.7368700874401225,0.4384880054869645,60.13324733333334,4806,0.0,252.0,27.197347700962645,21.17382758180036,30.03430861580312,91.20761061364696
multiplane-ophys_800792_2025-07-31_12-37-11_behavior-nwb_2026-07-07_17-44-49,multiplane-ophys_800792_2025-07-31_12-37-11_behavior-nwb_2026-07-07_17-44-49,800792,2025-07-31T12:37:11.196000+00:00,TRAINING_2_gratings_flashed,TRAINING_2_gratings_flashed,grating,,Mus musculus,F,P116D,Slc32a1-IRES-Cre/wt;Oi1(TIT2L-jGCaMP8s-WPRE-ICL-IRES-tTA2)/wt,,,,432d970f-60d6-4dbd-9f2b-8a18a69ddb53,2141.0,126.0,296.0,0.0,1.1599999999999997,106.0,20.0,106.0,154.0,493.0,2.0,136.0,1088.0,162.0,461.0,632.0,276.0,51.0,49.0,301.0,106.0,170.0,2.0,33.0,5.0,0.38405797101449274,0.05714285714285714,1.1861967858070233,0.4013700424126576,60.02343533333333,4798,0.0,296.0,24.889905572601307,19.690348000646857,27.326134488590476,82.00686116839958
multiplane-ophys_800792_2025-08-04_11-43-33_behavior-nwb_2026-07-07_17-45-04,multiplane-ophys_800792_2025-08-04_11-43-33_behavior-nwb_2026-07-07_17-45-04,800792,2025-08-04T11:43:33.056000+00:00,TRAINING_3_images_A_10uL_reward,TRAINING_3_images_A_10uL_reward,images,Natural_Images_Lum_Matched_set_training_2017.07.14,Mus musculus,F,P120D,Slc32a1-IRES-Cre/wt;Oi1(TIT2L-jGCaMP8s-WPRE-ICL-IRES-tTA2)/wt,,,,3509a7a9-5e57-4dba-8863-6b9bffbc567c,2313.0,127.0,269.0,0.0,1.1949999999999996,112.0,15.0,111.0,275.0,762.0,3.0,125.0,857.0,180.0,592.0,722.0,254.0,86.0,29.0,419.0,112.0,142.0,4.0,30.0,5.0,0.4409448818897638,0.11764705882352941,0.9851829205337215,0.41317497252749635,60.04067333333333,4799,0.0,269.0,24.79119530141928,19.05456310007895,27.954228036375913,80.68704391627854
multiplane-ophys_800792_2025-08-05_11-15-02_behavior-nwb_2026-07-07_17-45-20,multiplane-ophys_800792_2025-08-05_11-15-02_behavior-nwb_2026-07-07_17-45-20,800792,2025-08-05T11:15:01.961000+00:00,TRAINING_3_images_A_10uL_reward,TRAINING_3_images_A_10uL_reward,images,Natural_Images_Lum_Matched_set_training_2017.07.14,Mus musculus,F,P121D,Slc32a1-IRES-Cre/wt;Oi1(TIT2L-jGCaMP8s-WPRE-ICL-IRES-tTA2)/wt,,,,5f0e85ae-4d17-41b6-a171-3522f8c6421b,2586.0,214.0,270.0,0.0,2.1149999999999993,209.0,5.0,210.0,278.0,413.0,0.0,44.0,1533.0,108.0,528.0,589.0,265.0,74.0,7.0,279.0,209.0,56.0,1.0,39.0,5.0,0.7886792452830189,0.025,2.5898650308036664,0.3997284422406949,60.155486333333336,4808,0.0,270.0,31.457941164836406,16.33079508268868,34.77987708688445,76.56480611515757
multiplane-ophys_800792_2025-08-07_14-21-47_behavior-nwb_2026-07-07_17-45-51,multiplane-ophys_800792_2025-08-07_14-21-47_behavior-nwb_2026-07-07_17-45-51,800792,2025-08-07T14:21:47.164000+00:00,TRAINING_3_images_A_10uL_reward,TRAINING_3_images_A_10uL_reward,images,Natural_Images_Lum_Matched_set_training_2017.07.14,Mus musculus,F,P123D,Slc32a1-IRES-Cre/wt;Oi1(TIT2L-jGCaMP8s-WPRE-ICL-IRES-tTA2)/wt,,,,5b4dfa93-1774-48a4-884e-31b1b323364c,2805.0,122.0,242.0,0.0,1.1499999999999997,108.0,14.0,108.0,321.0,830.0,6.0,181.0,1074.0,285.0,707.0,787.0,228.0,94.0,25.0,511.0,108.0,120.0,2.0,32.0,5.0,0.47368421052631576,0.058823529411764705,1.3995106578227674,0.41333328482277704,60.0162055,4797,0.0,242.0,28.779880189494687,21.006402978840576,33.905931625311304,77.20175214205076
multiplane-ophys_800792_2025-08-08_14-53-57_behavior-nwb_2026-07-07_17-46-16,multiplane-ophys_800792_2025-08-08_14-53-57_behavior-nwb_2026-07-07_17-46-16,800792,2025-08-08T14:53:57.382000+00:00,TRAINING_3_images_A_10uL_reward,TRAINING_3_images_A_10uL_reward,images,Natural_Images_Lum_Matched_set_training_2017.07.14,Mus musculus,F,P124D,Slc32a1-IRES-Cre/wt;Oi1(TIT2L-jGCaMP8s-WPRE-ICL-IRES-tTA2)/wt,,,,4b85b025-2a33-4bc2-a16d-e1c4eaade861,3280.0,116.0,256.0,0.0,1.0849999999999997,101.0,15.0,104.0,344.0,985.0,3.0,264.0,1221.0,359.0,763.0,830.0,241.0,120.0,29.0,539.0,101.0,140.0,2.0,33.0,5.0,0.4190871369294606,0.05714285714285714,1.276567715389966,0.46954174908437407,60.11629216666667,4805,0.0,256.0,29.430552696175244,21.449951808423922,34.99607711715346,70.61115362508788
multiplane-ophys_800792_2025-08-11_12-59-01_behavior-nwb_2026-07-07_17-46-45,multiplane-ophys_800792_2025-08-11_12-59-01_behavior-nwb_2026-07-07_17-46-45,800792,2025-08-11T12:59:01.173000+00:00,TRAINING_4_images_A_training,TRAINING_4_images_A_training,images,Natural_Images_Lum_Matched_set_training_2017.07.14,Mus musculus,F,P127D,Slc32a1-IRES-Cre/wt;Oi1(TIT2L-jGCaMP8s-WPRE-ICL-IRES-tTA2)/wt,,,,cd83b1fa-fe86-4244-b101-eca81b52f506,2837.0,167.0,268.0,0.0,1.1590000000000003,162.0,5.0,164.0,189.0,511.0,2.0,87.0,1705.0,179.0,674.0,707.0,263.0,83.0,76.0,400.0,162.0,101.0,4.0,35.0,5.0,0.6159695817490495,0.10256410256410256,1.5071021199925132,0.5034972971514914,60.007865499999994,4796,0.0,268.0,22.980151262229214,16.49058499262864,25.131264903078712,63.11199412751054
multiplane-ophys_800792_2025-08-12_12-34-34_behavior-nwb_2026-07-07_17-47-12,multiplane-ophys_800792_2025-08-12_12-34-34_behavior-nwb_2026-07-07_17-47-12,800792,2025-08-12T12:34:34.204000+00:00,TRAINING_5_images_A_epilogue,TRAINING_5_images_A_epilogue,images,Natural_Images_Lum_Matched_set_training_2017.07.14,Mus musculus,F,P128D,Slc32a1-IRES-Cre/wt;Oi1(TIT2L-jGCaMP8s-WPRE-ICL-IRES-tTA2)/wt,,,,c322abb8-208c-48ca-9fb2-86955c98b576,3365.0,187.0,267.0,0.0,1.2990000000000004,182.0,5.0,183.0,217.0,401.0,4.0,102.0,2070.0,388.0,740.0,668.0,262.0,83.0,12.0,367.0,182.0,80.0,3.0,31.0,5.0,0.6946564885496184,0.08823529411764706,1.7885337764836269,0.5025757070362431,60.07987083333333,4802,0.0,267.0,21.46598556416304,15.99227821099272,23.03388656481685,63.90683645247705
multiplane-ophys_800792_2025-08-13_14-25-39_behavior-nwb_2026-07-07_17-47-43,multiplane-ophys_800792_2025-08-13_14-25-39_behavior-nwb_2026-07-07_17-47-43,800792,2025-08-13T14:25:39.389000+00:00,TRAINING_5_images_A_handoff_ready,TRAINING_5_images_A_handoff_ready,images,Natural_Images_Lum_Matched_set_training_2017.07.14,Mus musculus,F,P129D,Slc32a1-IRES-Cre/wt;Oi1(TIT2L-jGCaMP8s-WPRE-ICL-IRES-tTA2)/wt,,,,1a4fbcdb-44ee-4247-b50a-4e26341bf875,3221.0,181.0,277.0,0.0,1.2570000000000001,176.0,5.0,176.0,226.0,299.0,3.0,85.0,1876.0,556.0,738.0,597.0,272.0,115.0,8.0,281.0,176.0,96.0,4.0,35.0,5.0,0.6470588235294118,0.10256410256410256,1.589282037482477,0.4769393712121499,60.052071166666664,4800,0.0,277.0,21.383851459746896,16.206033172079657,22.448925357009426,61.65642095676685
multiplane-ophys_800792_2025-08-14_14-29-33_behavior-nwb_2026-07-07_17-48-26,multiplane-ophys_800792_2025-08-14_14-29-33_behavior-nwb_2026-07-07_17-48-26,800792,2025-08-14T14:29:32.715000+00:00,OPHYS_1_images_A,OPHYS_1_images_A,images,Natural_Images_Lum_Matched_set_training_2017.07.14,Mus musculus,F,P130D,Slc32a1-IRES-Cre/wt;Oi1(TIT2L-jGCaMP8s-WPRE-ICL-IRES-tTA2)/wt,,,,9c1f7656-fc1b-4a8d-9616-abc5ddaeb4ca,2504.0,145.0,286.0,173.0,1.005,140.0,5.0,144.0,210.0,251.0,3.0,67.0,1559.0,270.0,541.0,572.0,281.0,61.0,9.0,247.0,140.0,141.0,5.0,34.0,5.0,0.498220640569395,0.1282051282051282,1.0871759764293638,0.4911021231746239,60.04316433333334,4799,173.0,286.0,20.212769514609743,16.566635655267643,20.533037379305178,63.96165085848786
multiplane-ophys_800792_2025-08-15_15-13-09_behavior-nwb_2026-07-07_17-49-01,multiplane-ophys_800792_2025-08-15_15-13-09_behavior-nwb_2026-07-07_17-49-01,800792,2025-08-15T15:13:09.325000+00:00,OPHYS_1_images_A,OPHYS_1_images_A,images,Natural_Images_Lum_Matched_set_training_2017.07.14,Mus musculus,F,P131D,Slc32a1-IRES-Cre/wt;Oi1(TIT2L-jGCaMP8s-WPRE-ICL-IRES-tTA2)/wt,,,,fc59dfca-f001-491f-ab02-606727a995b3,2763.0,115.0,274.0,188.0,0.7950000000000003,110.0,5.0,115.0,147.0,505.0,1.0,139.0,1315.0,541.0,792.0,684.0,269.0,102.0,7.0,371.0,110.0,159.0,1.0,38.0,5.0,0.40892193308550184,0.02564102564102564,1.5510134928876746,0.5198079860605523,60.05540166666666,4800,188.0,274.0,19.429660048163655,16.639980467872867,19.962399516592633,66.26999649804193
multiplane-ophys_800792_2025-08-18_14-43-32_behavior-nwb_2026-07-07_17-49-33,multiplane-ophys_800792_2025-08-18_14-43-32_behavior-nwb_2026-07-07_17-49-33,800792,2025-08-18T14:43:31.693000+00:00,OPHYS_4_images_B,OPHYS_4_images_B,images,Natural_Images_Lum_Matched_set_ophys_6_2017.07.14,Mus musculus,F,P134D,Slc32a1-IRES-Cre/wt;Oi1(TIT2L-jGCaMP8s-WPRE-ICL-IRES-tTA2)/wt,,,,8b35f56d-322d-4faf-9c5d-4895fe72714b,2623.0,81.0,242.0,187.0,0.557,76.0,5.0,87.0,371.0,447.0,15.0,190.0,1207.0,306.0,712.0,685.0,237.0,71.0,12.0,411.0,76.0,161.0,6.0,26.0,5.0,0.3206751054852321,0.1875,0.38878728281751507,0.5078469145978054,60.133792166666666,4807,187.0,242.0,18.578820043795638,15.465668103086708,19.444944840177314,63.90204770565158
multiplane-ophys_800792_2025-08-19_13-08-51_behavior-nwb_2026-07-07_17-50-09,multiplane-ophys_800792_2025-08-19_13-08-51_behavior-nwb_2026-07-07_17-50-09,800792,2025-08-19T13:08:50.650000+00:00,OPHYS_4_images_B,OPHYS_4_images_B,images,Natural_Images_Lum_Matched_set_ophys_6_2017.07.14,Mus musculus,F,P135D,Slc32a1-IRES-Cre/wt;Oi1(TIT2L-jGCaMP8s-WPRE-ICL-IRES-tTA2)/wt,,,,938fd789-8f86-46b4-8a52-9e2bc07e4a79,2538.0,57.0,251.0,201.0,0.389,52.0,5.0,61.0,251.0,568.0,3.0,141.0,1106.0,408.0,591.0,662.0,246.0,60.0,20.0,376.0,52.0,194.0,2.0,33.0,5.0,0.21138211382113822,0.05714285714285714,0.6823389144861094,0.5627091415385632,60.05234216666667,4800,201.0,251.0,18.32740201145964,16.12427772374158,19.06918539689595,56.95983920975005
multiplane-ophys_800792_2025-08-20_14-43-42_behavior-nwb_2026-07-07_17-50-34,multiplane-ophys_800792_2025-08-20_14-43-42_behavior-nwb_2026-07-07_17-50-34,800792,2025-08-20T14:43:41.675000+00:00,OPHYS_6_images_B,OPHYS_6_images_B,images,Natural_Images_Lum_Matched_set_ophys_6_2017.07.14,Mus musculus,F,P136D,Slc32a1-IRES-Cre/wt;Oi1(TIT2L-jGCaMP8s-WPRE-ICL-IRES-tTA2)/wt,,,,0bd372f6-3fab-475d-90aa-86983f857610,951.0,54.0,290.0,176.0,0.36800000000000005,49.0,5.0,54.0,166.0,267.0,6.0,150.0,126.0,182.0,473.0,585.0,285.0,61.0,13.0,253.0,49.0,236.0,4.0,38.0,5.0,0.17192982456140352,0.09523809523809523,0.3134103948286533,0.5283116896144163,60.042606,4799,176.0,290.0,19.699974026829437,19.07905963382673,16.730602306566624,69.37464701935195
multiplane-ophys_800792_2025-08-21_14-34-02_behavior-nwb_2026-07-07_17-51-24,multiplane-ophys_800792_2025-08-21_14-34-02_behavior-nwb_2026-07-07_17-51-24,800792,2025-08-21T14:34:02.395000+00:00,OPHYS_6_images_B,OPHYS_6_images_B,images,Natural_Images_Lum_Matched_set_ophys_6_2017.07.14,Mus musculus,F,P137D,Slc32a1-IRES-Cre/wt;Oi1(TIT2L-jGCaMP8s-WPRE-ICL-IRES-tTA2)/wt,,,,99fac9d6-9a9c-43d8-b0f1-ffe7043dccec,882.0,38.0,306.0,179.0,0.256,33.0,5.0,32.0,115.0,337.0,2.0,53.0,71.0,272.0,372.0,545.0,301.0,62.0,9.0,196.0,33.0,268.0,2.0,41.0,5.0,0.10963455149501661,0.046511627906976744,0.3604456329967247,0.5126276759595929,60.05150233333333,4800,179.0,306.0,20.857860115223087,19.876866022212138,17.88481635135701,79.03985432758172
multiplane-ophys_800792_2025-08-22_14-37-56_behavior-nwb_2026-07-07_17-52-02,multiplane-ophys_800792_2025-08-22_14-37-56_behavior-nwb_2026-07-07_17-52-02,800792,2025-08-22T14:37:55.960000+00:00,OPHYS_6_images_B,OPHYS_6_images_B,images,Natural_Images_Lum_Matched_set_ophys_6_2017.07.14,Mus musculus,F,P138D,Slc32a1-IRES-Cre/wt;Oi1(TIT2L-jGCaMP8s-WPRE-ICL-IRES-tTA2)/wt,,,,fd877468-b1fc-449a-81ec-e67201c6107a,666.0,15.0,321.0,189.0,0.09500000000000003,10.0,5.0,10.0,120.0,204.0,3.0,95.0,22.0,212.0,275.0,524.0,316.0,64.0,6.0,157.0,10.0,306.0,1.0,45.0,5.0,0.03164556962025317,0.021739130434782608,0.016611805311090633,0.3925486559379124,60.12739799999999,4806,189.0,321.0,25.894318899995984,21.60997507229601,27.48534846858132,75.61509900230506
multiplane-ophys_800792_2025-08-25_13-00-38_behavior-nwb_2026-07-07_17-52-45,multiplane-ophys_800792_2025-08-25_13-00-38_behavior-nwb_2026-07-07_17-52-45,800792,2025-08-25T13:00:43.873000+00:00,,STAGE_0,,,Mus musculus,F,,Slc32a1-IRES-Cre/wt;Oi1(TIT2L-jGCaMP8s-WPRE-ICL-IRES-tTA2)/wt,,,,2b339125-98a0-4dc8-ae63-f793ae2ebfe8,,,,,,,,,,,,,,,,,,,,,,,,,,,,,,,137370,,,19.062936753033835,20.672447230676635,10.890434962798405,73.87870652704159
multiplane-ophys_800792_2025-08-26_12-30-21_behavior-nwb_2026-07-07_17-53-31,multiplane-ophys_800792_2025-08-26_12-30-21_behavior-nwb_2026-07-07_17-53-31,800792,2025-08-26T12:30:27.326000+00:00,,STAGE_1,,,Mus musculus,F,,Slc32a1-IRES-Cre/wt;Oi1(TIT2L-jGCaMP8s-WPRE-ICL-IRES-tTA2)/wt,,,,85b0ef10-50ad-477b-9169-add21473fd9a,,,,,,,,,,,,,,,,,,,,,,,,,,,,,,,1090,,,19.284481251404127,21.3812804713787,6.912335487350671,73.60691136689651
multiplane-ophys_800792_2025-08-27_14-31-17_behavior-nwb_2026-07-07_17-53-48,multiplane-ophys_800792_2025-08-27_14-31-17_behavior-nwb_2026-07-07_17-53-48,800792,2025-08-27T14:31:23.531000+00:00,,STAGE_1,,,Mus musculus,F,,Slc32a1-IRES-Cre/wt;Oi1(TIT2L-jGCaMP8s-WPRE-ICL-IRES-tTA2)/wt,,,,ee2c24e4-4f64-4d91-914c-73f184276b38,,,,,,,,,,,,,,,,,,,,,,,,,,,,,,,1094,,,23.32871850156127,25.973166954464823,7.894772511390268,85.09798449000685
multiplane-ophys_800792_2025-08-29_13-40-16_behavior-nwb_2026-07-07_17-54-17,multiplane-ophys_800792_2025-08-29_13-40-16_behavior-nwb_2026-07-07_17-54-17,800792,2025-08-29T13:40:21.548000+00:00,,STAGE_1,,,Mus musculus,F,,Slc32a1-IRES-Cre/wt;Oi1(TIT2L-jGCaMP8s-WPRE-ICL-IRES-tTA2)/wt,,,,8f99de06-72f1-4126-b9f7-0bbaf69a8e94,,,,,,,,,,,,,,,,,,,,,,,,,,,,,,,1093,,,14.44278453991128,22.708970657028534,0.11498767419738148,83.06900854223599
multiplane-ophys_800792_2025-09-04_12-15-50_behavior-nwb_2026-07-07_17-55-01,multiplane-ophys_800792_2025-09-04_12-15-50_behavior-nwb_2026-07-07_17-55-01,800792,2025-09-04T12:15:50.711000+00:00,,CENTER_MOUSEMOTION,,,Mus musculus,F,,Slc32a1-IRES-Cre/wt;Oi1(TIT2L-jGCaMP8s-WPRE-ICL-IRES-tTA2)/wt,,,,256f6c5c-1b86-47e3-a52c-53c4ce00a966,,,,,,,,,,,,,,,,,,,,,,,,,,,,,,,2946,,,17.580583954134724,24.54684793265726,0.6875792493005655,92.90568944027504
multiplane-ophys_800792_2025-11-06_11-00-52_behavior-nwb_2026-07-07_17-57-32,multiplane-ophys_800792_2025-11-06_11-00-52_behavior-nwb_2026-07-07_17-57-32,800792,2025-11-06T11:00:58.028000+00:00,,STAGE_1,,,Mus musculus,F,,Slc32a1-IRES-Cre/wt;Oi1(TIT2L-jGCaMP8s-WPRE-ICL-IRES-tTA2)/wt,,,,f05fbeea-c294-4005-830c-e180e165385b,,,,,,,,,,,,,,,,,,,,,,,,,,,,,,,1092,,,4.273365595194741,10.630229265713707,0.011244861494992119,60.7181592209621
multiplane-ophys_800792_2025-11-07_11-04-07_behavior-nwb_2026-07-07_17-57-36,multiplane-ophys_800792_2025-11-07_11-04-07_behavior-nwb_2026-07-07_17-57-36,800792,2025-11-07T11:04:13.704000+00:00,,STAGE_1,,,Mus musculus,F,,Slc32a1-IRES-Cre/wt;Oi1(TIT2L-jGCaMP8s-WPRE-ICL-IRES-tTA2)/wt,,,,f86042a5-c455-4ce0-976b-7ab8c34469dc,,,,,,,,,,,,,,,,,,,,,,,,,,,,,,,1092,,,17.56687379828054,12.822481448725325,18.119562804636246,57.773444634134975
multiplane-ophys_800792_2025-11-11_09-26-07_behavior-nwb_2026-07-07_17-57-47,multiplane-ophys_800792_2025-11-11_09-26-07_behavior-nwb_2026-07-07_17-57-47,800792,2025-11-11T09:26:13.459000+00:00,,STAGE_1,,,Mus musculus,F,,Slc32a1-IRES-Cre/wt;Oi1(TIT2L-jGCaMP8s-WPRE-ICL-IRES-tTA2)/wt,,,,8c17e6a7-5db4-48d6-af92-1f3f52a53ce8,,,,,,,,,,,,,,,,,,,,,,,,,,,,,,,1093,,,1.9187453185884702,8.21838502513171,0.00028252401436836867,71.48889440683361
multiplane-ophys_800792_2025-11-17_11-16-34_behavior-nwb_2026-07-07_17-58-08,multiplane-ophys_800792_2025-11-17_11-16-34_behavior-nwb_2026-07-07_17-58-08,800792,2025-11-17T11:16:40.313000+00:00,,STAGE_1,,,Mus musculus,F,,Slc32a1-IRES-Cre/wt;Oi1(TIT2L-jGCaMP8s-WPRE-ICL-IRES-tTA2)/wt,,,,7513b36d-2d9a-448f-9e0a-3bcbfcff5078,,,,,,,,,,,,,,,,,,,,,,,,,,,,,,,1094,,,3.315730091301325,8.957934902676271,0.0005463954485036135,65.22086484721906
multiplane-ophys_800995_2025-08-05_13-25-58_behavior-nwb_2026-07-07_17-45-29,multiplane-ophys_800995_2025-08-05_13-25-58_behavior-nwb_2026-07-07_17-45-29,800995,2025-08-05T13:25:58.179000+00:00,TRAINING_0_gratings_autorewards_15min,TRAINING_0_gratings_autorewards_15min,grating,,Mus musculus,F,P120D,Slc32a1-IRES-Cre/wt;Oi1(TIT2L-jGCaMP8s-WPRE-ICL-IRES-tTA2)/wt,,,,ed957aee-ce9e-429d-83d1-8ad21151f498,1260.0,118.0,118.0,0.0,0.59,0.0,118.0,0.0,0.0,0.0,0.0,0.0,854.0,406.0,332.0,118.0,0.0,0.0,118.0,0.0,0.0,0.0,0.0,0.0,0.0,,,,,15.1281165,119,0.0,118.0,5.529075344449061,6.834185845533086,3.112710971360203,37.49299441156643
multiplane-ophys_800995_2025-08-07_12-29-04_behavior-nwb_2026-07-07_17-45-43,multiplane-ophys_800995_2025-08-07_12-29-04_behavior-nwb_2026-07-07_17-45-43,800995,2025-08-07T12:29:03.554000+00:00,TRAINING_1_gratings,TRAINING_1_gratings,grating,,Mus musculus,F,P122D,Slc32a1-IRES-Cre/wt;Oi1(TIT2L-jGCaMP8s-WPRE-ICL-IRES-tTA2)/wt,,,,3422e4ef-f538-4099-8a9f-271d08097c76,779.0,42.0,329.0,0.0,0.265,11.0,31.0,11.0,4.0,502.0,4.0,101.0,148.0,9.0,314.0,639.0,298.0,89.0,57.0,265.0,11.0,287.0,4.0,41.0,5.0,0.03691275167785235,0.08888888888888889,-0.47478668687685044,0.4322264474833808,60.09877616666666,330,0.0,329.0,8.662988615342424,14.193804442945098,0.583789877863604,68.48764413731872
multiplane-ophys_800995_2025-08-08_12-49-42_behavior-nwb_2026-07-07_17-46-02,multiplane-ophys_800995_2025-08-08_12-49-42_behavior-nwb_2026-07-07_17-46-02,800995,2025-08-08T12:49:41.952000+00:00,TRAINING_1_gratings,TRAINING_1_gratings,grating,,Mus musculus,F,P123D,Slc32a1-IRES-Cre/wt;Oi1(TIT2L-jGCaMP8s-WPRE-ICL-IRES-tTA2)/wt,,,,53687b33-0274-4009-b40d-34922b809c59,3016.0,82.0,197.0,0.0,0.745,67.0,15.0,67.0,4.0,1951.0,10.0,67.0,888.0,29.0,1148.0,1314.0,182.0,165.0,80.0,1095.0,67.0,115.0,3.0,19.0,5.0,0.36813186813186816,0.13636363636363635,0.6922601001853839,0.39775144543697405,60.082644333333334,198,0.0,197.0,6.897255788851772,13.849304274040678,0.16395397326947858,66.69539994889843
multiplane-ophys_800995_2025-08-11_11-02-36_behavior-nwb_2026-07-07_17-46-27,multiplane-ophys_800995_2025-08-11_11-02-36_behavior-nwb_2026-07-07_17-46-27,800995,2025-08-11T11:02:35.746000+00:00,TRAINING_1_gratings,TRAINING_1_gratings,grating,,Mus musculus,F,P126D,Slc32a1-IRES-Cre/wt;Oi1(TIT2L-jGCaMP8s-WPRE-ICL-IRES-tTA2)/wt,,,,35ac5e9c-e2c6-4724-b1e8-489c38578232,3644.0,78.0,89.0,0.0,0.75,72.0,6.0,71.0,4.0,2479.0,12.0,40.0,990.0,48.0,1569.0,1631.0,83.0,165.0,168.0,1536.0,72.0,11.0,4.0,2.0,5.0,0.8674698795180723,0.6666666666666666,0.7282253506655236,0.31309465466705905,60.025934,90,0.0,89.0,2.9477173468711237,7.78302319208485,0.063040968426368,58.12531994846463
multiplane-ophys_800995_2025-08-12_10-33-26_behavior-nwb_2026-07-07_17-46-55,multiplane-ophys_800995_2025-08-12_10-33-26_behavior-nwb_2026-07-07_17-46-55,800995,2025-08-12T10:33:26.392000+00:00,TRAINING_2_gratings_flashed,TRAINING_2_gratings_flashed,grating,,Mus musculus,F,P127D,Slc32a1-IRES-Cre/wt;Oi1(TIT2L-jGCaMP8s-WPRE-ICL-IRES-tTA2)/wt,,,,be2f939b-c5af-4d55-b69b-ca60d034a24d,3085.0,69.0,69.0,0.0,0.665,64.0,5.0,64.0,402.0,1522.0,2.0,20.0,896.0,179.0,1500.0,1399.0,64.0,189.0,117.0,1321.0,64.0,0.0,2.0,7.0,5.0,1.0,0.2222222222222222,3.0976859452046273,0.3390706651676192,60.06625033333333,4801,0.0,69.0,2.3653388039750216,5.325742740437777,0.10077463255481557,39.671191960381755
multiplane-ophys_800995_2025-08-13_10-35-25_behavior-nwb_2026-07-07_17-47-27,multiplane-ophys_800995_2025-08-13_10-35-25_behavior-nwb_2026-07-07_17-47-27,800995,2025-08-13T10:35:24.904000+00:00,TRAINING_3_images_A_10uL_reward,TRAINING_3_images_A_10uL_reward,images,Natural_Images_Lum_Matched_set_training_2017.07.14,Mus musculus,F,P128D,Slc32a1-IRES-Cre/wt;Oi1(TIT2L-jGCaMP8s-WPRE-ICL-IRES-tTA2)/wt,,,,7f52d8ba-22de-4e8e-9999-429cfa1766b2,2667.0,97.0,139.0,0.0,0.94,91.0,6.0,91.0,444.0,912.0,4.0,54.0,1007.0,155.0,1124.0,1059.0,133.0,126.0,15.0,902.0,91.0,42.0,5.0,13.0,5.0,0.6842105263157895,0.2777777777777778,1.0305664722834462,0.35185910714289426,60.05123566666666,4800,0.0,139.0,3.220977546942481,6.817206248875217,0.18278200069288608,52.89917745809503
multiplane-ophys_800995_2025-08-14_12-22-10_behavior-nwb_2026-07-07_17-48-05,multiplane-ophys_800995_2025-08-14_12-22-10_behavior-nwb_2026-07-07_17-48-05,800995,2025-08-14T12:22:10.089000+00:00,TRAINING_3_images_A_10uL_reward,TRAINING_3_images_A_10uL_reward,images,Natural_Images_Lum_Matched_set_training_2017.07.14,Mus musculus,F,P129D,Slc32a1-IRES-Cre/wt;Oi1(TIT2L-jGCaMP8s-WPRE-ICL-IRES-tTA2)/wt,,,,e8e23b32-dcad-4ef4-925f-787b5a87c288,2888.0,97.0,145.0,0.0,0.94,91.0,6.0,91.0,478.0,985.0,11.0,123.0,993.0,207.0,1111.0,1027.0,139.0,125.0,49.0,860.0,91.0,48.0,7.0,15.0,5.0,0.6546762589928058,0.3181818181818182,0.8457248972741396,0.34860092219488237,60.0212005,4797,0.0,145.0,6.10145510787598,10.633215906341615,0.8997581253356962,62.289451462225635
multiplane-ophys_800995_2025-08-15_12-44-14_behavior-nwb_2026-07-07_17-48-39,multiplane-ophys_800995_2025-08-15_12-44-14_behavior-nwb_2026-07-07_17-48-39,800995,2025-08-15T12:44:13.559000+00:00,TRAINING_3_images_A_10uL_reward,TRAINING_3_images_A_10uL_reward,images,Natural_Images_Lum_Matched_set_training_2017.07.14,Mus musculus,F,P130D,Slc32a1-IRES-Cre/wt;Oi1(TIT2L-jGCaMP8s-WPRE-ICL-IRES-tTA2)/wt,,,,3e56c25a-ae42-4a48-aa58-7d276c4da175,3468.0,93.0,166.0,0.0,0.8949999999999999,86.0,7.0,87.0,617.0,1256.0,9.0,257.0,903.0,339.0,1038.0,1019.0,159.0,116.0,72.0,830.0,86.0,73.0,6.0,17.0,5.0,0.5408805031446541,0.2608695652173913,0.7123030198013587,0.36933459211256314,60.028436166666665,4798,0.0,166.0,8.44860957354822,14.083941829531419,1.079480690640952,63.521970692050786
multiplane-ophys_800995_2025-08-18_12-03-27_behavior-nwb_2026-07-07_17-49-24,multiplane-ophys_800995_2025-08-18_12-03-27_behavior-nwb_2026-07-07_17-49-24,800995,2025-08-18T12:03:26.799000+00:00,TRAINING_4_images_A_training,TRAINING_4_images_A_training,images,Natural_Images_Lum_Matched_set_training_2017.07.14,Mus musculus,F,P133D,Slc32a1-IRES-Cre/wt;Oi1(TIT2L-jGCaMP8s-WPRE-ICL-IRES-tTA2)/wt,,,,bbd00cd7-1bd3-482b-a4b0-4541e58051e6,436.0,44.0,337.0,0.0,0.29800000000000004,39.0,5.0,40.0,68.0,89.0,1.0,26.0,175.0,37.0,138.0,457.0,332.0,54.0,15.0,71.0,39.0,293.0,1.0,48.0,5.0,0.11746987951807229,0.02040816326530612,0.6988730836000168,0.48616826426737814,60.07735183333333,4802,0.0,337.0,6.958837163055241,12.526674089098616,0.12738857715590376,58.29971432938143
multiplane-ophys_800995_2025-08-19_10-54-26_behavior-nwb_2026-07-07_17-49-47,multiplane-ophys_800995_2025-08-19_10-54-26_behavior-nwb_2026-07-07_17-49-47,800995,2025-08-19T10:54:25.608000+00:00,TRAINING_5_images_A_epilogue,TRAINING_5_images_A_epilogue,images,Natural_Images_Lum_Matched_set_training_2017.07.14,Mus musculus,F,P134D,Slc32a1-IRES-Cre/wt;Oi1(TIT2L-jGCaMP8s-WPRE-ICL-IRES-tTA2)/wt,,,,95681bf5-bcb0-4edc-b2bc-f0a268230cec,1292.0,68.0,285.0,0.0,0.466,63.0,5.0,63.0,198.0,260.0,2.0,61.0,640.0,68.0,362.0,558.0,280.0,80.0,5.0,231.0,63.0,217.0,3.0,39.0,5.0,0.225,0.07142857142857142,0.6435910676997935,0.3929765721978242,60.018421333333336,4797,0.0,285.0,12.003619323218425,15.041242217630575,5.782132796518184,61.836324949428636
multiplane-ophys_800995_2025-08-20_12-33-49_behavior-nwb_2026-07-07_17-50-22,multiplane-ophys_800995_2025-08-20_12-33-49_behavior-nwb_2026-07-07_17-50-22,800995,2025-08-20T12:33:48.820000+00:00,TRAINING_5_images_A_handoff_ready,TRAINING_5_images_A_handoff_ready,images,Natural_Images_Lum_Matched_set_training_2017.07.14,Mus musculus,F,P135D,Slc32a1-IRES-Cre/wt;Oi1(TIT2L-jGCaMP8s-WPRE-ICL-IRES-tTA2)/wt,,,,7a9928dd-c9bc-4fcd-9e96-f6c9205ef2ac,2029.0,99.0,279.0,0.0,0.6830000000000002,94.0,5.0,95.0,287.0,291.0,6.0,78.0,1101.0,171.0,487.0,578.0,274.0,65.0,18.0,259.0,94.0,180.0,6.0,34.0,5.0,0.34306569343065696,0.15,0.5979316145266944,0.46652102923579325,60.02870716666666,4798,0.0,279.0,12.7782463779732,14.676672581928994,7.948901221345864,75.34438365128942
multiplane-ophys_800995_2025-08-21_12-22-40_behavior-nwb_2026-07-07_17-51-01,multiplane-ophys_800995_2025-08-21_12-22-40_behavior-nwb_2026-07-07_17-51-01,800995,2025-08-21T12:22:40.461000+00:00,OPHYS_1_images_A,OPHYS_1_images_A,images,Natural_Images_Lum_Matched_set_training_2017.07.14,Mus musculus,F,P136D,Slc32a1-IRES-Cre/wt;Oi1(TIT2L-jGCaMP8s-WPRE-ICL-IRES-tTA2)/wt,,,,26a0537f-6458-4280-871b-80f1a3ebf5c4,1748.0,81.0,271.0,193.0,0.557,76.0,5.0,77.0,249.0,377.0,1.0,93.0,834.0,117.0,464.0,606.0,266.0,75.0,17.0,299.0,76.0,190.0,1.0,35.0,5.0,0.2857142857142857,0.027777777777777776,1.1808582970565007,0.4667702692411786,60.032877,4798,193.0,271.0,20.585437129554695,17.540597987640915,19.13520214761645,68.82356716967914
multiplane-ophys_800995_2025-08-22_12-35-43_behavior-nwb_2026-07-07_17-51-50,multiplane-ophys_800995_2025-08-22_12-35-43_behavior-nwb_2026-07-07_17-51-50,800995,2025-08-22T12:35:43.093000+00:00,OPHYS_1_images_A,OPHYS_1_images_A,images,Natural_Images_Lum_Matched_set_training_2017.07.14,Mus musculus,F,P137D,Slc32a1-IRES-Cre/wt;Oi1(TIT2L-jGCaMP8s-WPRE-ICL-IRES-tTA2)/wt,,,,d92a48c1-9950-440d-98aa-366762079dea,1029.0,46.0,310.0,184.0,0.31200000000000006,41.0,5.0,41.0,156.0,169.0,0.0,67.0,463.0,133.0,256.0,501.0,305.0,59.0,12.0,149.0,41.0,264.0,0.0,42.0,5.0,0.13442622950819672,0.0,1.1689985407916144,0.533401419108195,60.09570383333333,4803,184.0,310.0,20.826871370052192,19.22414416443622,17.73712188070619,70.23026785005015
multiplane-ophys_800995_2025-08-25_10-49-46_behavior-nwb_2026-07-07_17-52-14,multiplane-ophys_800995_2025-08-25_10-49-46_behavior-nwb_2026-07-07_17-52-14,800995,2025-08-25T10:49:45.815000+00:00,OPHYS_4_images_B,OPHYS_4_images_B,images,Natural_Images_Lum_Matched_set_ophys_6_2017.07.14,Mus musculus,F,P140D,Slc32a1-IRES-Cre/wt;Oi1(TIT2L-jGCaMP8s-WPRE-ICL-IRES-tTA2)/wt,,,,442f4234-6c9c-42be-b4f1-ad4a597af9b1,2266.0,120.0,224.0,190.0,0.8300000000000003,115.0,5.0,116.0,387.0,565.0,1.0,69.0,954.0,174.0,655.0,731.0,219.0,66.0,16.0,475.0,115.0,104.0,2.0,30.0,5.0,0.5251141552511416,0.0625,1.496906937629593,0.5145496313522951,60.079303,4802,190.0,224.0,18.052508724144463,17.634394117098573,14.962672337583847,70.29767454858063
multiplane-ophys_800995_2025-08-26_10-28-40_behavior-nwb_2026-07-07_17-53-06,multiplane-ophys_800995_2025-08-26_10-28-40_behavior-nwb_2026-07-07_17-53-06,800995,2025-08-26T10:28:39.601000+00:00,OPHYS_4_images_B,OPHYS_4_images_B,images,Natural_Images_Lum_Matched_set_ophys_6_2017.07.14,Mus musculus,F,P141D,Slc32a1-IRES-Cre/wt;Oi1(TIT2L-jGCaMP8s-WPRE-ICL-IRES-tTA2)/wt,,,,cc1efb79-9650-433a-a7d5-d7af2109961a,1595.0,108.0,297.0,164.0,0.7460000000000002,103.0,5.0,103.0,234.0,239.0,2.0,94.0,806.0,117.0,399.0,558.0,292.0,82.0,11.0,220.0,103.0,189.0,2.0,39.0,5.0,0.3527397260273973,0.04878048780487805,1.1822020541460143,0.48869774980890707,60.019816,4797,164.0,297.0,22.30625163469105,17.59402137433467,23.364151221989793,71.63212897159532
multiplane-ophys_800995_2025-08-27_12-22-08_behavior-nwb_2026-07-07_17-53-36,multiplane-ophys_800995_2025-08-27_12-22-08_behavior-nwb_2026-07-07_17-53-36,800995,2025-08-27T12:22:07.528000+00:00,OPHYS_6_images_B,OPHYS_6_images_B,images,Natural_Images_Lum_Matched_set_ophys_6_2017.07.14,Mus musculus,F,P142D,Slc32a1-IRES-Cre/wt;Oi1(TIT2L-jGCaMP8s-WPRE-ICL-IRES-tTA2)/wt,,,,a30779a1-1859-482d-94ed-849ba5c6b055,348.0,23.0,342.0,176.0,0.15100000000000005,18.0,5.0,19.0,22.0,141.0,1.0,82.0,12.0,71.0,121.0,466.0,337.0,50.0,6.0,74.0,18.0,319.0,0.0,50.0,5.0,0.05341246290801187,0.0,0.7331772078591348,0.5405075370576419,60.12935,4806,176.0,342.0,21.29092101173424,20.60392207519212,16.30737120558206,76.5123825240215
multiplane-ophys_800995_2025-08-29_11-18-22_behavior-nwb_2026-07-07_17-54-06,multiplane-ophys_800995_2025-08-29_11-18-22_behavior-nwb_2026-07-07_17-54-06,800995,2025-08-29T11:18:22.466000+00:00,OPHYS_6_images_B,OPHYS_6_images_B,images,Natural_Images_Lum_Matched_set_ophys_6_2017.07.14,Mus musculus,F,P144D,Slc32a1-IRES-Cre/wt;Oi1(TIT2L-jGCaMP8s-WPRE-ICL-IRES-tTA2)/wt,,,,1c714e52-d2cc-44f3-aecb-74ebe0dbe0da,202.0,11.0,342.0,205.0,0.067,6.0,5.0,6.0,27.0,103.0,1.0,8.0,35.0,22.0,52.0,440.0,337.0,49.0,10.0,50.0,6.0,331.0,0.0,48.0,5.0,0.017804154302670624,0.0,0.2488561400827809,0.4821375220420047,60.030640166666664,4799,205.0,342.0,17.990013488416086,19.52125996188282,9.882246990414089,71.51513717556405
multiplane-ophys_800995_2025-09-05_12-12-27_behavior-nwb_2026-07-07_17-55-20,multiplane-ophys_800995_2025-09-05_12-12-27_behavior-nwb_2026-07-07_17-55-20,800995,2025-09-05T12:12:27.280000+00:00,OPHYS_6_images_B,OPHYS_6_images_B,images,Natural_Images_Lum_Matched_set_ophys_6_2017.07.14,Mus musculus,F,P151D,Slc32a1-IRES-Cre/wt;Oi1(TIT2L-jGCaMP8s-WPRE-ICL-IRES-tTA2)/wt,,,,bb7f5b1c-df71-4c93-8591-5566a547ca54,1.0,5.0,357.0,194.0,0.025,0.0,5.0,0.0,0.0,1.0,0.0,0.0,0.0,0.0,1.0,410.0,352.0,52.0,5.0,1.0,0.0,352.0,0.0,52.0,5.0,0.0,0.0,-0.6371851417667211,,60.092369166666664,4803,194.0,357.0,21.073471171591418,23.61175825644976,8.53329805543407,82.1816984502397
multiplane-ophys_800995_2025-09-15_12-16-41_behavior-nwb_2026-07-07_17-56-19,multiplane-ophys_800995_2025-09-15_12-16-41_behavior-nwb_2026-07-07_17-56-19,800995,2025-09-15T12:16:47.489000+00:00,,STAGE_0,,,Mus musculus,F,,Slc32a1-IRES-Cre/wt;Oi1(TIT2L-jGCaMP8s-WPRE-ICL-IRES-tTA2)/wt,,,,87326c20-6c92-4850-b5d1-59bccc5168c5,,,,,,,,,,,,,,,,,,,,,,,,,,,,,,,137370,,,23.36423915755406,24.68160774050604,13.744724878164153,84.57816025005015
multiplane-ophys_800995_2025-09-16_12-04-50_behavior-nwb_2026-07-07_17-56-41,multiplane-ophys_800995_2025-09-16_12-04-50_behavior-nwb_2026-07-07_17-56-41,800995,2025-09-16T12:04:55.960000+00:00,,STAGE_1,,,Mus musculus,F,,Slc32a1-IRES-Cre/wt;Oi1(TIT2L-jGCaMP8s-WPRE-ICL-IRES-tTA2)/wt,,,,3b9feaf6-5c5a-4669-9b69-151248b23c42,,,,,,,,,,,,,,,,,,,,,,,,,,,,,,,1091,,,19.739301438519526,23.304733718127356,4.334793179109161,81.46944233167775
multiplane-ophys_800995_2025-09-17_14-17-38_behavior-nwb_2026-07-07_17-56-47,multiplane-ophys_800995_2025-09-17_14-17-38_behavior-nwb_2026-07-07_17-56-47,800995,2025-09-17T14:17:44.363000+00:00,,STAGE_1,,,Mus musculus,F,,Slc32a1-IRES-Cre/wt;Oi1(TIT2L-jGCaMP8s-WPRE-ICL-IRES-tTA2)/wt,,,,60a785ed-6197-4e91-b675-aa2805730e32,,,,,,,,,,,,,,,,,,,,,,,,,,,,,,,1091,,,26.22610708518957,24.634248016392092,22.448396730212863,81.93936886456032
multiplane-ophys_800995_2025-09-18_11-59-49_behavior-nwb_2026-07-07_17-56-52,multiplane-ophys_800995_2025-09-18_11-59-49_behavior-nwb_2026-07-07_17-56-52,800995,2025-09-18T11:59:54.924000+00:00,,STAGE_1,,,Mus musculus,F,,Slc32a1-IRES-Cre/wt;Oi1(TIT2L-jGCaMP8s-WPRE-ICL-IRES-tTA2)/wt,,,,8136132f-2ee8-4aa9-8279-86d14fbd9d8f,,,,,,,,,,,,,,,,,,,,,,,,,,,,,,,1094,,,31.60981106273941,21.900627651358146,38.38112312506706,75.03603364588074
multiplane-ophys_800995_2025-09-19_12-11-04_behavior-nwb_2026-07-07_17-56-59,multiplane-ophys_800995_2025-09-19_12-11-04_behavior-nwb_2026-07-07_17-56-59,800995,2025-09-19T12:11:05.064000+00:00,,CENTER_MOUSEMOTION,,,Mus musculus,F,,Slc32a1-IRES-Cre/wt;Oi1(TIT2L-jGCaMP8s-WPRE-ICL-IRES-tTA2)/wt,,,,ec0cdda4-3943-4cab-884a-809b9c5d7a8f,,,,,,,,,,,,,,,,,,,,,,,,,,,,,,,2942,,,34.46073022797991,20.463446009847786,41.94652487890121,72.0071791790425
multiplane-ophys_800995_2025-11-10_13-12-51_behavior-nwb_2026-07-07_17-57-42,multiplane-ophys_800995_2025-11-10_13-12-51_behavior-nwb_2026-07-07_17-57-42,800995,2025-11-10T13:12:56.564000+00:00,,STAGE_1,,,Mus musculus,F,,Slc32a1-IRES-Cre/wt;Oi1(TIT2L-jGCaMP8s-WPRE-ICL-IRES-tTA2)/wt,,,,125029b4-84a4-427c-8208-648b8881de7b,,,,,,,,,,,,,,,,,,,,,,,,,,,,,,,1091,,,13.831292509098896,19.697025682162494,0.5261757389066024,79.33762092706613
multiplane-ophys_800995_2025-11-12_12-30-02_behavior-nwb_2026-07-07_17-57-52,multiplane-ophys_800995_2025-11-12_12-30-02_behavior-nwb_2026-07-07_17-57-52,800995,2025-11-12T12:30:08.425000+00:00,,STAGE_1,,,Mus musculus,F,,Slc32a1-IRES-Cre/wt;Oi1(TIT2L-jGCaMP8s-WPRE-ICL-IRES-tTA2)/wt,,,,454033ab-f1b4-4dca-8c18-613150bb1fb2,,,,,,,,,,,,,,,,,,,,,,,,,,,,,,,1090,,,14.065416253522592,20.131182922771416,0.9142156348706364,75.82185202563889
multiplane-ophys_800995_2025-11-13_10-16-12_behavior-nwb_2026-07-07_17-57-58,multiplane-ophys_800995_2025-11-13_10-16-12_behavior-nwb_2026-07-07_17-57-58,800995,2025-11-13T10:16:17.604000+00:00,,STAGE_1,,,Mus musculus,F,,Slc32a1-IRES-Cre/wt;Oi1(TIT2L-jGCaMP8s-WPRE-ICL-IRES-tTA2)/wt,,,,ef217124-b78a-4305-99ad-088598d953ef,,,,,,,,,,,,,,,,,,,,,,,,,,,,,,,1092,,,6.052067732604988,14.801910374839908,0.02709770357999086,76.96590903420781
multiplane-ophys_800995_2025-11-14_10-36-31_behavior-nwb_2026-07-07_17-58-03,multiplane-ophys_800995_2025-11-14_10-36-31_behavior-nwb_2026-07-07_17-58-03,800995,2025-11-14T10:36:36.783000+00:00,,STAGE_1,,,Mus musculus,F,,Slc32a1-IRES-Cre/wt;Oi1(TIT2L-jGCaMP8s-WPRE-ICL-IRES-tTA2)/wt,,,,f9decc63-7402-4a21-a55a-a73bc90b1094,,,,,,,,,,,,,,,,,,,,,,,,,,,,,,,1096,,,3.628856494855063,9.870030448560431,0.007225671074081675,72.49006158839201
multiplane-ophys_804363_2025-08-12_13-01-00_behavior-nwb_2026-07-07_17-47-24,multiplane-ophys_804363_2025-08-12_13-01-00_behavior-nwb_2026-07-07_17-47-24,804363,2025-08-12T13:00:59.610000+00:00,TRAINING_0_gratings_autorewards_15min,TRAINING_0_gratings_autorewards_15min,grating,,Mus musculus,F,P107D,Slc32a1-IRES-Cre/wt;Oi1(TIT2L-jGCaMP8s-WPRE-ICL-IRES-tTA2)/wt,,,,770ae7ba-41ce-4cbf-8e0a-b3866b2fb418,1354.0,118.0,118.0,0.0,0.59,0.0,118.0,0.0,0.0,0.0,0.0,0.0,1069.0,285.0,236.0,118.0,0.0,0.0,118.0,0.0,0.0,0.0,0.0,0.0,0.0,,,,,15.017136166666665,119,0.0,118.0,7.284963596174495,9.060769056291564,4.591588433029983,41.385379259586976
multiplane-ophys_804363_2025-08-13_14-32-41_behavior-nwb_2026-07-07_17-47-54,multiplane-ophys_804363_2025-08-13_14-32-41_behavior-nwb_2026-07-07_17-47-54,804363,2025-08-13T14:32:40.795000+00:00,TRAINING_1_gratings,TRAINING_1_gratings,grating,,Mus musculus,F,P108D,Slc32a1-IRES-Cre/wt;Oi1(TIT2L-jGCaMP8s-WPRE-ICL-IRES-tTA2)/wt,,,,c24f7245-85c4-4d05-a2ad-5a584447b365,2892.0,107.0,264.0,0.0,0.9949999999999999,92.0,15.0,92.0,7.0,1408.0,3.0,296.0,1082.0,4.0,714.0,937.0,249.0,118.0,74.0,639.0,92.0,157.0,2.0,32.0,5.0,0.36947791164658633,0.058823529411764705,1.1333804462487063,0.629920364330532,60.01434416666666,265,0.0,264.0,20.290311510324663,16.02218928173367,19.553257948682905,73.98083643532215
multiplane-ophys_804363_2025-08-14_14-24-15_behavior-nwb_2026-07-07_17-48-17,multiplane-ophys_804363_2025-08-14_14-24-15_behavior-nwb_2026-07-07_17-48-17,804363,2025-08-14T14:24:14.857000+00:00,TRAINING_1_gratings,TRAINING_1_gratings,grating,,Mus musculus,F,P109D,Slc32a1-IRES-Cre/wt;Oi1(TIT2L-jGCaMP8s-WPRE-ICL-IRES-tTA2)/wt,,,,dd59b487-3b58-4207-a673-bbc381720106,1732.0,105.0,318.0,0.0,0.9349999999999999,82.0,23.0,82.0,6.0,824.0,4.0,199.0,610.0,7.0,410.0,669.0,295.0,94.0,67.0,314.0,82.0,213.0,5.0,32.0,5.0,0.27796610169491526,0.13513513513513514,0.47261744580203024,0.5821610273293917,60.089694333333334,319,0.0,318.0,18.632054976400315,19.59872415304476,14.188274457094133,87.85020217605451
multiplane-ophys_804363_2025-08-15_13-19-14_behavior-nwb_2026-07-07_17-48-51,multiplane-ophys_804363_2025-08-15_13-19-14_behavior-nwb_2026-07-07_17-48-51,804363,2025-08-15T13:19:13.950000+00:00,TRAINING_2_gratings_flashed,TRAINING_2_gratings_flashed,grating,,Mus musculus,F,P110D,Slc32a1-IRES-Cre/wt;Oi1(TIT2L-jGCaMP8s-WPRE-ICL-IRES-tTA2)/wt,,,,f5a5ca9f-7d13-4c74-b01f-921b6cbf5be3,1747.0,100.0,258.0,0.0,0.9249999999999999,85.0,15.0,87.0,321.0,508.0,3.0,139.0,581.0,108.0,573.0,685.0,243.0,76.0,39.0,398.0,85.0,158.0,3.0,26.0,5.0,0.3497942386831276,0.10344827586206896,0.8076019415300301,0.5168045261016182,60.09079799999999,4803,0.0,258.0,24.260117283098065,19.564713067143924,27.595206920864896,71.79137296540878
multiplane-ophys_804363_2025-08-18_11-40-56_behavior-nwb_2026-07-07_17-49-15,multiplane-ophys_804363_2025-08-18_11-40-56_behavior-nwb_2026-07-07_17-49-15,804363,2025-08-18T11:40:55.724000+00:00,TRAINING_3_images_A_10uL_reward,TRAINING_3_images_A_10uL_reward,images,Natural_Images_Lum_Matched_set_training_2017.07.14,Mus musculus,F,P113D,Slc32a1-IRES-Cre/wt;Oi1(TIT2L-jGCaMP8s-WPRE-ICL-IRES-tTA2)/wt,,,,52525228-fa13-48a1-97ab-6090335a5624,1464.0,99.0,297.0,0.0,0.8899999999999999,79.0,20.0,82.0,160.0,363.0,4.0,92.0,659.0,104.0,412.0,600.0,277.0,57.0,27.0,264.0,79.0,198.0,6.0,33.0,5.0,0.2851985559566787,0.15384615384615385,0.4190418849458809,0.5733240657336762,60.002678833333334,4796,0.0,297.0,27.870035558632186,20.249790701062423,32.68953226117398,69.6059221300471
multiplane-ophys_804363_2025-08-19_11-46-48_behavior-nwb_2026-07-07_17-49-59,multiplane-ophys_804363_2025-08-19_11-46-48_behavior-nwb_2026-07-07_17-49-59,804363,2025-08-19T11:46:47.669000+00:00,TRAINING_3_images_A_10uL_reward,TRAINING_3_images_A_10uL_reward,images,Natural_Images_Lum_Matched_set_training_2017.07.14,Mus musculus,F,P114D,Slc32a1-IRES-Cre/wt;Oi1(TIT2L-jGCaMP8s-WPRE-ICL-IRES-tTA2)/wt,,,,4cbc5e86-02ef-4966-a7c9-b22bc873c220,1708.0,123.0,293.0,0.0,1.1649999999999998,110.0,13.0,110.0,213.0,368.0,4.0,64.0,862.0,87.0,445.0,606.0,280.0,87.0,21.0,276.0,110.0,170.0,2.0,35.0,5.0,0.39285714285714285,0.05405405405405406,1.2370161931120565,0.4815245273276598,60.053549,4800,0.0,293.0,31.491110443965496,20.611797209573325,37.64465160057276,78.10664831118214
multiplane-ophys_804363_2025-08-20_14-57-53_behavior-nwb_2026-07-07_17-50-46,multiplane-ophys_804363_2025-08-20_14-57-53_behavior-nwb_2026-07-07_17-50-46,804363,2025-08-20T14:57:53.309000+00:00,TRAINING_3_images_A_10uL_reward,TRAINING_3_images_A_10uL_reward,images,Natural_Images_Lum_Matched_set_training_2017.07.14,Mus musculus,F,P115D,Slc32a1-IRES-Cre/wt;Oi1(TIT2L-jGCaMP8s-WPRE-ICL-IRES-tTA2)/wt,,,,39c7ce90-fd4c-402a-ba85-6efb6849f54f,1845.0,127.0,299.0,0.0,1.1999999999999993,113.0,14.0,117.0,182.0,389.0,5.0,74.0,953.0,125.0,396.0,589.0,285.0,81.0,16.0,249.0,113.0,172.0,1.0,40.0,5.0,0.39649122807017545,0.024390243902439025,1.5412422402119197,0.47844944654415006,60.055766999999996,4800,0.0,299.0,33.81606466507738,25.09663586657052,37.63279652121005,97.92989639534848
multiplane-ophys_804363_2025-08-21_14-13-43_behavior-nwb_2026-07-07_17-51-13,multiplane-ophys_804363_2025-08-21_14-13-43_behavior-nwb_2026-07-07_17-51-13,804363,2025-08-21T14:13:42.597000+00:00,TRAINING_4_images_A_training,TRAINING_4_images_A_training,images,Natural_Images_Lum_Matched_set_training_2017.07.14,Mus musculus,F,P116D,Slc32a1-IRES-Cre/wt;Oi1(TIT2L-jGCaMP8s-WPRE-ICL-IRES-tTA2)/wt,,,,a8a8eb1a-600a-45f7-bcde-a97f275051c0,1698.0,112.0,317.0,0.0,0.7740000000000002,107.0,5.0,112.0,114.0,207.0,3.0,77.0,1140.0,45.0,315.0,526.0,312.0,72.0,8.0,164.0,107.0,205.0,0.0,45.0,5.0,0.34294871794871795,0.0,1.8918309580336787,0.5579013956847843,60.0796805,4802,0.0,317.0,36.20144706045456,22.46828460892546,41.94683418342112,89.31965099050855
multiplane-ophys_804363_2025-08-22_10-55-29_behavior-nwb_2026-07-07_17-51-36,multiplane-ophys_804363_2025-08-22_10-55-29_behavior-nwb_2026-07-07_17-51-36,804363,2025-08-22T10:55:28.642000+00:00,TRAINING_5_images_A_epilogue,TRAINING_5_images_A_epilogue,images,Natural_Images_Lum_Matched_set_training_2017.07.14,Mus musculus,F,P117D,Slc32a1-IRES-Cre/wt;Oi1(TIT2L-jGCaMP8s-WPRE-ICL-IRES-tTA2)/wt,,,,5c9f2e27-0651-4b85-a899-c0d1e8702290,1924.0,125.0,315.0,0.0,0.8650000000000003,120.0,5.0,123.0,160.0,212.0,4.0,60.0,1263.0,102.0,352.0,519.0,310.0,54.0,9.0,161.0,120.0,190.0,2.0,41.0,5.0,0.3870967741935484,0.046511627906976744,1.2961120284635765,0.4835385831852932,60.07940283333333,4802,0.0,315.0,39.65108748894487,20.728160289870196,44.87023768854357,87.32963388280267
multiplane-ophys_804363_2025-08-25_11-46-42_behavior-nwb_2026-07-07_17-52-28,multiplane-ophys_804363_2025-08-25_11-46-42_behavior-nwb_2026-07-07_17-52-28,804363,2025-08-25T11:46:41.738000+00:00,TRAINING_5_images_A_handoff_ready,TRAINING_5_images_A_handoff_ready,images,Natural_Images_Lum_Matched_set_training_2017.07.14,Mus musculus,F,P120D,Slc32a1-IRES-Cre/wt;Oi1(TIT2L-jGCaMP8s-WPRE-ICL-IRES-tTA2)/wt,,,,42084536-61e8-4ee4-b3a0-8a3b61cd41ce,1614.0,102.0,320.0,0.0,0.7040000000000002,97.0,5.0,100.0,67.0,300.0,2.0,30.0,956.0,159.0,327.0,535.0,315.0,60.0,9.0,170.0,97.0,218.0,2.0,43.0,5.0,0.30793650793650795,0.044444444444444446,1.1041026980621353,0.5170205202050856,60.05938533333334,4800,0.0,320.0,30.634289098209095,21.95641482307863,36.34330158300976,83.76253799704348
multiplane-ophys_804363_2025-08-26_11-28-57_behavior-nwb_2026-07-07_17-53-19,multiplane-ophys_804363_2025-08-26_11-28-57_behavior-nwb_2026-07-07_17-53-19,804363,2025-08-26T11:28:56.547000+00:00,OPHYS_1_images_A,OPHYS_1_images_A,images,Natural_Images_Lum_Matched_set_training_2017.07.14,Mus musculus,F,P121D,Slc32a1-IRES-Cre/wt;Oi1(TIT2L-jGCaMP8s-WPRE-ICL-IRES-tTA2)/wt,,,,634ca46d-866e-4cf6-b8e4-3bd217823e6c,1451.0,107.0,334.0,169.0,0.7390000000000002,102.0,5.0,104.0,35.0,132.0,0.0,58.0,1075.0,47.0,233.0,462.0,329.0,56.0,7.0,82.0,102.0,227.0,0.0,46.0,5.0,0.3100303951367781,0.0,1.8089067572415674,0.4667107621547434,60.10636666666666,4804,169.0,334.0,33.60186105759983,21.00237500638432,39.19190190877423,85.31227019790603
multiplane-ophys_804363_2025-08-28_14-46-56_behavior-nwb_2026-07-07_17-53-54,multiplane-ophys_804363_2025-08-28_14-46-56_behavior-nwb_2026-07-07_17-53-54,804363,2025-08-28T14:46:55.457000+00:00,OPHYS_1_images_A,OPHYS_1_images_A,images,Natural_Images_Lum_Matched_set_training_2017.07.14,Mus musculus,F,P123D,Slc32a1-IRES-Cre/wt;Oi1(TIT2L-jGCaMP8s-WPRE-ICL-IRES-tTA2)/wt,,,,86dfbd78-d083-4dc5-b61e-2fd0f5ae1fa5,1707.0,110.0,299.0,200.0,0.7600000000000002,105.0,5.0,106.0,135.0,311.0,3.0,72.0,955.0,125.0,429.0,571.0,294.0,78.0,7.0,227.0,105.0,189.0,3.0,42.0,5.0,0.35714285714285715,0.06666666666666667,1.0670861975784671,0.4789894123283115,60.09191133333333,4803,200.0,299.0,27.143239810445866,18.829771750555853,32.510220820735924,67.19577179363165
multiplane-ophys_804363_2025-08-29_14-47-31_behavior-nwb_2026-07-07_17-54-22,multiplane-ophys_804363_2025-08-29_14-47-31_behavior-nwb_2026-07-07_17-54-22,804363,2025-08-29T14:47:31.197000+00:00,OPHYS_4_images_B,OPHYS_4_images_B,images,Natural_Images_Lum_Matched_set_ophys_6_2017.07.14,Mus musculus,F,P124D,Slc32a1-IRES-Cre/wt;Oi1(TIT2L-jGCaMP8s-WPRE-ICL-IRES-tTA2)/wt,,,,f6a985b8-6f2b-4c67-ac62-ad0a8308d143,1283.0,82.0,313.0,198.0,0.5640000000000001,77.0,5.0,77.0,95.0,210.0,4.0,64.0,750.0,83.0,327.0,526.0,308.0,72.0,19.0,171.0,77.0,231.0,3.0,39.0,5.0,0.25,0.07142857142857142,0.7238010692691405,0.4737678394700579,60.08385716666667,4802,198.0,313.0,35.81032538827074,20.566208628312044,41.044805300109836,82.9848869240962
multiplane-ophys_804363_2025-09-02_11-50-29_behavior-nwb_2026-07-07_17-54-36,multiplane-ophys_804363_2025-09-02_11-50-29_behavior-nwb_2026-07-07_17-54-36,804363,2025-09-02T11:50:28.595000+00:00,OPHYS_4_images_B,OPHYS_4_images_B,images,Natural_Images_Lum_Matched_set_ophys_6_2017.07.14,Mus musculus,F,P128D,Slc32a1-IRES-Cre/wt;Oi1(TIT2L-jGCaMP8s-WPRE-ICL-IRES-tTA2)/wt,,,,73402ff9-9fda-4239-8938-3a42b7d8f7de,1048.0,57.0,327.0,204.0,0.389,52.0,5.0,53.0,54.0,159.0,0.0,27.0,620.0,135.0,254.0,495.0,322.0,63.0,6.0,122.0,52.0,270.0,0.0,46.0,5.0,0.16149068322981366,0.0,1.3189624253167391,0.4842134108143035,60.106939499999996,4804,204.0,327.0,30.755161194871985,22.59418499881609,33.815535803256296,86.92615580293979
multiplane-ophys_804363_2025-09-03_14-53-32_behavior-nwb_2026-07-07_17-54-49,multiplane-ophys_804363_2025-09-03_14-53-32_behavior-nwb_2026-07-07_17-54-49,804363,2025-09-03T14:53:31.974000+00:00,OPHYS_6_images_B,OPHYS_6_images_B,images,Natural_Images_Lum_Matched_set_ophys_6_2017.07.14,Mus musculus,F,P129D,Slc32a1-IRES-Cre/wt;Oi1(TIT2L-jGCaMP8s-WPRE-ICL-IRES-tTA2)/wt,,,,48589ac8-bc35-4475-9397-04f24a780312,0.0,5.0,353.0,188.0,0.025,0.0,5.0,0.0,0.0,0.0,0.0,0.0,0.0,0.0,0.0,402.0,348.0,49.0,5.0,0.0,0.0,348.0,0.0,49.0,5.0,0.0,0.0,-0.6554801017297822,,60.00906933333333,4796,188.0,353.0,37.1801937775288,22.52098880836196,43.01059957817977,91.58109563921765
multiplane-ophys_804363_2025-09-04_16-08-45_behavior-nwb_2026-07-07_17-55-07,multiplane-ophys_804363_2025-09-04_16-08-45_behavior-nwb_2026-07-07_17-55-07,804363,2025-09-04T16:08:44.581000+00:00,OPHYS_6_images_B,OPHYS_6_images_B,images,Natural_Images_Lum_Matched_set_ophys_6_2017.07.14,Mus musculus,F,P130D,Slc32a1-IRES-Cre/wt;Oi1(TIT2L-jGCaMP8s-WPRE-ICL-IRES-tTA2)/wt,,,,47b7d1ce-a069-47eb-a52f-0c13315c3d31,1.0,5.0,359.0,200.0,0.025,0.0,5.0,0.0,0.0,0.0,0.0,1.0,0.0,0.0,1.0,409.0,354.0,50.0,5.0,0.0,0.0,354.0,0.0,50.0,5.0,0.0,0.0,-0.6532743793906199,,60.08302383333333,4802,200.0,359.0,29.60967676023027,23.706567592013947,32.08994982235666,102.81459918871687
multiplane-ophys_804363_2025-09-05_13-25-33_behavior-nwb_2026-07-07_17-55-35,multiplane-ophys_804363_2025-09-05_13-25-33_behavior-nwb_2026-07-07_17-55-35,804363,2025-09-05T13:25:38.632000+00:00,,STAGE_0,,,Mus musculus,F,,Slc32a1-IRES-Cre/wt;Oi1(TIT2L-jGCaMP8s-WPRE-ICL-IRES-tTA2)/wt,,,,a5a5830e-eed2-41a5-af1b-c4222bf3eb85,,,,,,,,,,,,,,,,,,,,,,,,,,,,,,,137370,,,32.2729062460506,27.31311968905884,35.05434526325389,96.73581776390802
multiplane-ophys_804363_2025-09-08_09-24-39_behavior-nwb_2026-07-07_17-55-56,multiplane-ophys_804363_2025-09-08_09-24-39_behavior-nwb_2026-07-07_17-55-56,804363,2025-09-08T09:24:44.751000+00:00,,STAGE_1,,,Mus musculus,F,,Slc32a1-IRES-Cre/wt;Oi1(TIT2L-jGCaMP8s-WPRE-ICL-IRES-tTA2)/wt,,,,2cd23c7b-92a6-4bec-81a0-b1fc7a6b817d,,,,,,,,,,,,,,,,,,,,,,,,,,,,,,,1094,,,7.8662597113642985,15.574168760083523,0.030520592470254005,72.41055893079708
multiplane-ophys_804363_2025-09-09_11-44-14_behavior-nwb_2026-07-07_17-56-02,multiplane-ophys_804363_2025-09-09_11-44-14_behavior-nwb_2026-07-07_17-56-02,804363,2025-09-09T11:44:19.644000+00:00,,STAGE_1,,,Mus musculus,F,,Slc32a1-IRES-Cre/wt;Oi1(TIT2L-jGCaMP8s-WPRE-ICL-IRES-tTA2)/wt,,,,7d37f967-adbd-4c89-afc6-ee325eaea446,,,,,,,,,,,,,,,,,,,,,,,,,,,,,,,1092,,,4.157895214385763,11.13635857268632,0.02468170957582117,82.02320104812098
multiplane-ophys_804363_2025-09-10_14-44-56_behavior-nwb_2026-07-07_17-56-08,multiplane-ophys_804363_2025-09-10_14-44-56_behavior-nwb_2026-07-07_17-56-08,804363,2025-09-10T14:45:02.068000+00:00,,STAGE_1,,,Mus musculus,F,,Slc32a1-IRES-Cre/wt;Oi1(TIT2L-jGCaMP8s-WPRE-ICL-IRES-tTA2)/wt,,,,c71b876e-834d-4e60-a2fd-134d4be26bfb,,,,,,,,,,,,,,,,,,,,,,,,,,,,,,,1092,,,14.994351450621213,21.51538500492146,0.321469470263263,82.6421934553209
multiplane-ophys_804363_2025-09-24_13-00-27_behavior-nwb_2026-07-07_17-57-07,multiplane-ophys_804363_2025-09-24_13-00-27_behavior-nwb_2026-07-07_17-57-07,804363,2025-09-24T13:00:27.982000+00:00,,CENTER_MOUSEMOTION,,,Mus musculus,F,,Slc32a1-IRES-Cre/wt;Oi1(TIT2L-jGCaMP8s-WPRE-ICL-IRES-tTA2)/wt,,,,3e86443a-a3eb-4b4a-878b-6c23aae283ac,,,,,,,,,,,,,,,,,,,,,,,,,,,,,,,2944,,,28.523212980446377,25.793355849743804,30.35713131459851,88.71215559624233
multiplane-ophys_804363_2025-09-29_11-55-50_behavior-nwb_2026-07-07_17-57-15,multiplane-ophys_804363_2025-09-29_11-55-50_behavior-nwb_2026-07-07_17-57-15,804363,2025-09-29T11:55:50.501000+00:00,,CENTER_MOUSEMOTION,,,Mus musculus,F,,Slc32a1-IRES-Cre/wt;Oi1(TIT2L-jGCaMP8s-WPRE-ICL-IRES-tTA2)/wt,,,,9fab9fc9-0989-4b7b-951b-c5adb5bd6a6a,,,,,,,,,,,,,,,,,,,,,,,,,,,,,,,2948,,,25.107168093919753,27.269258158508062,14.473471621982728,101.01817958830993
